Name,Type,Element,Count,Rarity,Set,Average_Played,Percent_of_Decks_with_at_least_one_copy
Apprentice Wizard,Minion,Air,16,Ordinary,Alpha,3,10
Blood Ravens,Minion,Air,0,Ordinary,Alpha,0,0
Candlemas Monks,Minion,Air,2,Elite,Alpha,2,2
Cloud Spirit,Minion,Air,4,Ordinary,Alpha,4,2
Daperyll Vampire,Minion,Air,31,Exceptional,Alpha,3,22
Dead of Night Demon,Minion,Air,0,Ordinary,Alpha,0,0
East-West Dragon,Minion,Air,0,Elite,Alpha,0,0
Grandmaster Wizard,Minion,Air,34,Elite,Alpha,2,35
Grim Reaper,Minion,Air,3,Unique,Alpha,1,6
Gyre Hippogriffs,Minion,Air,37,Exceptional,Alpha,3,27
Haast Eagle,Minion,Air,3,Exceptional,Alpha,3,2
Headless Haunt,Minion,Air,19,Exceptional,Alpha,3,14
Highland Clansmen,Minion,Air,4,Ordinary,Alpha,4,2
Highland Falconer,Minion,Air,12,Elite,Alpha,2,12
Highland Princess,Minion,Air,24,Unique,Alpha,1,47
Hounds of Ondaros,Minion,Air,7,Elite,Alpha,2,8
Kite Archer,Minion,Air,0,Exceptional,Alpha,0,0
Lord of the Void,Minion,Air,0,Unique,Alpha,0,0
Men of Leng,Minion,Air,0,Ordinary,Alpha,0,0
Midnight Rogue,Minion,Air,0,Ordinary,Alpha,0,0
Moon Clan Werewolf,Minion,Air,0,Exceptional,Alpha,0,0
Nightmare,Minion,Air,0,Elite,Alpha,0,0
Nimbus Jinn,Minion,Air,8,Elite,Alpha,2,8
Palliburrie Bats,Minion,Air,12,Ordinary,Alpha,2,10
Peregrine Apparition,Minion,Air,0,Exceptional,Alpha,0,0
Phantasmal Shade,Minion,Air,6,Exceptional,Alpha,3,4
Phantom Steed,Minion,Air,0,Exceptional,Alpha,0,0
Phase Assassin,Minion,Air,18,Exceptional,Alpha,3,12
Plumed Pegasus,Minion,Air,11,Ordinary,Alpha,4,6
Puppet Master,Minion,Air,0,Elite,Alpha,0,0
Recurring Specter,Minion,Air,2,Elite,Alpha,2,2
Riddle Sphinx,Minion,Air,0,Elite,Alpha,0,0
Roaming Monster,Minion,Air,0,Ordinary,Alpha,0,0
Skirmishers of Mu,Minion,Air,3,Exceptional,Alpha,3,2
Sky Baron,Minion,Air,0,Elite,Alpha,0,0
Sling Pixies,Minion,Air,0,Exceptional,Alpha,0,0
Snow Leopard,Minion,Air,0,Ordinary,Alpha,0,0
Spectral Stalker,Minion,Air,0,Ordinary,Alpha,0,0
Spire Lich,Minion,Air,0,Exceptional,Alpha,0,0
Ultimate Horror,Minion,Air,0,Unique,Alpha,0,0
Vril Revenant,Minion,Air,0,Elite,Alpha,0,0
Wind Sylph,Minion,Air,0,Exceptional,Alpha,0,0
Witherwing Hero,Minion,Air,2,Unique,Alpha,1,4
Zephyranne Airship,Minion,Air,0,Elite,Alpha,0,0
Blink,Magic,Air,72,Ordinary,Alpha,3,49
Browse,Magic,Air,16,Unique,Alpha,1,31
Chain Lightning,Magic,Air,3,Exceptional,Alpha,3,2
Chaos Twister,Magic,Air,10,Elite,Alpha,2,12
Disenchant,Magic,Air,26,Ordinary,Alpha,1,43
Dream-Quest,Magic,Air,3,Unique,Alpha,1,6
Fade,Magic,Air,0,Ordinary,Alpha,0,0
Flanking Maneuver,Magic,Air,10,Exceptional,Alpha,2,12
Grapple Shot,Magic,Air,66,Ordinary,Alpha,3,45
Lightning Bolt,Magic,Air,49,Ordinary,Alpha,2,39
Mortality,Magic,Air,0,Ordinary,Alpha,0,0
Occult Ritual,Magic,Air,0,Unique,Alpha,0,0
Psionic Blast,Magic,Air,0,Exceptional,Alpha,0,0
Rain of Arrows,Magic,Air,0,Ordinary,Alpha,0,0
Raise Dead,Magic,Air,3,Exceptional,Alpha,3,2
Recall,Magic,Air,3,Exceptional,Alpha,3,2
Telekinesis,Magic,Air,0,Exceptional,Alpha,0,0
Teleport,Magic,Air,4,Ordinary,Alpha,4,2
Unlikely Alliance,Magic,Air,2,Elite,Alpha,2,2
Waypoint Portal,Magic,Air,0,Exceptional,Alpha,0,0
Whirling Blades,Magic,Air,15,Exceptional,Alpha,2,16
Windblast,Magic,Air,0,Exceptional,Alpha,0,0
Evil Presence,Aura,Air,9,Exceptional,Alpha,2,8
Summoning Sphere,Aura,Air,5,Exceptional,Alpha,2,4
Thunderstorm,Aura,Air,13,Exceptional,Alpha,3,10
Wall of Air,Aura,Air,0,Ordinary,Alpha,0,0
Albespine Pikemen,Minion,Earth,3,Exceptional,Alpha,3,2
Alvalinne Dryads,Minion,Earth,0,Ordinary,Alpha,0,0
Amazon Warriors,Minion,Earth,4,Ordinary,Alpha,2,4
Atlas Wanderers,Minion,Earth,5,Elite,Alpha,2,6
Autumn Unicorn,Minion,Earth,27,Exceptional,Alpha,3,18
Belmotte Longbowmen,Minion,Earth,5,Ordinary,Alpha,2,4
Bone Rabble,Minion,Earth,0,Ordinary,Alpha,0,0
Bosk Troll,Minion,Earth,17,Ordinary,Alpha,2,14
Cave Trolls,Minion,Earth,3,Ordinary,Alpha,2,4
Conqueror Worm,Minion,Earth,0,Elite,Alpha,0,0
Crown Prince,Minion,Earth,0,Unique,Alpha,0,0
Dalcean Phalanx,Minion,Earth,6,Exceptional,Alpha,2,6
Dwarven Digging Team,Minion,Earth,7,Exceptional,Alpha,2,6
Frontier Settlers,Minion,Earth,8,Exceptional,Alpha,3,6
Gneissgnath Gnomes,Minion,Earth,3,Exceptional,Alpha,3,2
Grey Wolves,Minion,Earth,0,Ordinary,Alpha,0,0
House Arn Bannerman,Minion,Earth,5,Exceptional,Alpha,2,4
King of the Realm,Minion,Earth,0,Unique,Alpha,0,0
Land Surveyor,Minion,Earth,8,Ordinary,Alpha,4,4
Mage Slayer,Minion,Earth,0,Ordinary,Alpha,0,0
Master Tracker,Minion,Earth,0,Elite,Alpha,0,0
Midland Army,Minion,Earth,1,Unique,Alpha,1,2
Miracle Workers,Minion,Earth,0,Ordinary,Alpha,0,0
Monastery Gargoyle,Minion,Earth,0,Exceptional,Alpha,0,0
Monster Hunter,Minion,Earth,0,Exceptional,Alpha,0,0
Mordric Druids,Minion,Earth,0,Elite,Alpha,0,0
Mountain Giant,Minion,Earth,0,Elite,Alpha,0,0
Pudge Butcher,Minion,Earth,27,Exceptional,Alpha,3,18
Queen of Midland,Minion,Earth,0,Unique,Alpha,0,0
Root Spider,Minion,Earth,44,Exceptional,Alpha,3,31
Royal Bodyguard,Minion,Earth,12,Elite,Alpha,2,12
Scent Hounds,Minion,Earth,1,Ordinary,Alpha,1,2
Scourge Zombies,Minion,Earth,0,Ordinary,Alpha,0,0
Shield Maidens,Minion,Earth,16,Exceptional,Alpha,2,14
Silver Valkyries,Minion,Earth,0,Elite,Alpha,0,0
Sirian Templar,Minion,Earth,0,Exceptional,Alpha,0,0
Sisters of Silence,Minion,Earth,0,Elite,Alpha,0,0
Slumbering Giantess,Minion,Earth,6,Exceptional,Alpha,3,4
Squirming Mass,Minion,Earth,2,Elite,Alpha,2,2
Stone-gaze Gorgons,Minion,Earth,2,Elite,Alpha,2,2
Tragedy Worrywart,Minion,Earth,1,Exceptional,Alpha,1,2
Vanguard Knights,Minion,Earth,2,Exceptional,Alpha,2,2
Wicked Witch,Minion,Earth,2,Elite,Alpha,2,2
Wild Boars,Minion,Earth,4,Ordinary,Alpha,2,4
Wraetannis Titan,Minion,Earth,0,Elite,Alpha,0,0
Yourke Crossbowmen,Minion,Earth,3,Exceptional,Alpha,3,2
Assorted Animals,Magic,Earth,6,Elite,Alpha,2,8
Border Militia,Magic,Earth,7,Ordinary,Alpha,2,8
Bury,Magic,Earth,26,Ordinary,Alpha,1,35
Call to War,Magic,Earth,1,Exceptional,Alpha,1,2
Cave-In,Magic,Earth,4,Exceptional,Alpha,2,4
Common Sense,Magic,Earth,65,Ordinary,Alpha,3,41
Craterize,Magic,Earth,16,Elite,Alpha,2,18
Dispel,Magic,Earth,18,Ordinary,Alpha,1,29
Divine Healing,Magic,Earth,24,Exceptional,Alpha,3,18
Earthquake,Magic,Earth,38,Elite,Alpha,2,43
Exorcism,Magic,Earth,0,Ordinary,Alpha,0,0
Gigantism,Magic,Earth,13,Unique,Alpha,1,25
Minecart Madness,Magic,Earth,0,Exceptional,Alpha,0,0
Overpower,Magic,Earth,4,Ordinary,Alpha,4,2
Shield Wall,Magic,Earth,0,Exceptional,Alpha,0,0
Star-seeds of Uhr,Magic,Earth,0,Unique,Alpha,0,0
Unravel,Magic,Earth,0,Ordinary,Alpha,0,0
Crusade,Aura,Earth,5,Unique,Alpha,1,10
Entangle Terrain,Aura,Earth,3,Ordinary,Alpha,2,4
Rest in Peace,Aura,Earth,0,Elite,Alpha,0,0
Ancient Dragon,Minion,Fire,2,Elite,Alpha,2,2
Aramos Mercenaries,Minion,Fire,12,Ordinary,Alpha,4,6
Askelon Phoenix,Minion,Fire,11,Elite,Alpha,2,14
Awakened Mummies,Minion,Fire,0,Exceptional,Alpha,0,0
Azuridge Caravan,Minion,"Air, Earth, Fire, None, Water",0,Ordinary,Alpha,0,0
Bane Widow,Minion,Fire,3,Exceptional,Alpha,3,2
Beast of Burden,Minion,Fire,0,Ordinary,Alpha,0,0
Bull Demons of Adum,Minion,Fire,0,Elite,Alpha,0,0
Cauldron Crones,Minion,Fire,0,Ordinary,Alpha,0,0
Cerberus in Chains,Minion,Fire,3,Unique,Alpha,1,6
Clamor of Harpies,Minion,Fire,0,Exceptional,Alpha,0,0
Colicky Dragonettes,Minion,Fire,33,Exceptional,Alpha,3,22
Courtesan Thais,Minion,Fire,8,Unique,Alpha,1,16
Death Dealer,Minion,Fire,4,Unique,Alpha,1,8
Doomsday Prophet,Minion,Fire,0,Unique,Alpha,0,0
Escyllion Cyclops,Minion,Fire,0,Exceptional,Alpha,0,0
Far East Assassin,Minion,Fire,0,Elite,Alpha,0,0
Grosse Poltergeist,Minion,Fire,0,Elite,Alpha,0,0
Hillock Basilisk,Minion,Fire,6,Exceptional,Alpha,3,4
Infernal Legion,Minion,Fire,15,Elite,Alpha,2,16
Karkemish Chimera,Minion,Fire,2,Elite,Alpha,2,2
Lava Salamander,Minion,Fire,0,Exceptional,Alpha,0,0
Maze Minotaur,Minion,Fire,0,Elite,Alpha,0,0
Ogre Goons,Minion,Fire,0,Ordinary,Alpha,0,0
Outback Strider,Minion,Fire,2,Exceptional,Alpha,2,2
Panorama Manticore,Minion,Fire,9,Elite,Alpha,2,12
Petrosian Cavalry,Minion,Fire,10,Ordinary,Alpha,2,10
Pit Vipers,Minion,Fire,0,Ordinary,Alpha,0,0
Quarrelsome Kobolds,Minion,Fire,33,Exceptional,Alpha,3,25
Raal Dromedary,Minion,Fire,0,Ordinary,Alpha,0,0
Rimland Nomads,Minion,Fire,0,Ordinary,Alpha,0,0
Sacred Scarabs,Minion,Fire,8,Ordinary,Alpha,1,12
Sand Worm,Minion,Fire,10,Ordinary,Alpha,2,8
Scavenging Fiend,Minion,Fire,1,Exceptional,Alpha,1,2
Seasoned Sellsword,Minion,Fire,0,Elite,Alpha,0,0
Sirocco Scorpions,Minion,Fire,0,Ordinary,Alpha,0,0
Swiven Scout,Minion,Fire,6,Exceptional,Alpha,2,6
Tvinnax Berserker,Minion,Fire,0,Exceptional,Alpha,0,0
Vile Imp,Minion,Fire,48,Ordinary,Alpha,3,27
Wayfaring Pilgrim,Minion,Fire,3,Exceptional,Alpha,3,2
Wills-o'-the-Wisp,Minion,Fire,0,Exceptional,Alpha,0,0
Backstab,Magic,Fire,0,Exceptional,Alpha,0,0
Blaze,Magic,Fire,19,Exceptional,Alpha,2,20
Boil,Magic,Fire,0,Ordinary,Alpha,0,0
Cone of Flame,Magic,Fire,2,Exceptional,Alpha,1,4
Critical Strike,Magic,Fire,1,Ordinary,Alpha,1,2
Disintegrate,Magic,Fire,17,Elite,Alpha,2,18
Fireball,Magic,Fire,0,Exceptional,Alpha,0,0
Firebolts,Magic,Fire,23,Ordinary,Alpha,2,20
Flame Wave,Magic,Fire,0,Elite,Alpha,0,0
Heat Ray,Magic,Fire,2,Ordinary,Alpha,1,4
Immolation,Magic,Fire,5,Unique,Alpha,1,10
Incinerate,Magic,Fire,0,Ordinary,Alpha,0,0
Infiltrate,Magic,Fire,14,Elite,Alpha,2,18
Leap Attack,Magic,Fire,0,Exceptional,Alpha,0,0
Mad Dash,Magic,Fire,5,Ordinary,Alpha,2,6
Major Explosion,Magic,Fire,9,Elite,Alpha,2,12
Meteor Shower,Magic,Fire,0,Elite,Alpha,0,0
Minor Explosion,Magic,Fire,15,Ordinary,Alpha,2,20
Pact with the Devil,Magic,Fire,5,Unique,Alpha,1,10
Poison Nova,Magic,Fire,32,Exceptional,Alpha,2,31
Scorched Earth,Magic,Fire,0,Elite,Alpha,0,0
Spin Attack,Magic,Fire,0,Ordinary,Alpha,0,0
Warp Spasm,Magic,Fire,2,Unique,Alpha,1,4
Drought,Aura,Fire,0,Exceptional,Alpha,0,0
Jihad,Aura,Fire,16,Unique,Alpha,1,31
Sandstorm,Aura,Fire,0,Ordinary,Alpha,0,0
Wall of Fire,Aura,Fire,0,Ordinary,Alpha,0,0
Wildfire,Aura,Fire,3,Exceptional,Alpha,3,2
Accursed Albatross,Minion,Water,0,Exceptional,Alpha,0,0
Adept Illusionist,Minion,Water,2,Elite,Alpha,2,2
Anui Undine,Minion,Water,0,Exceptional,Alpha,0,0
Bridge Troll,Minion,Water,0,Exceptional,Alpha,0,0
Brobdingnag Bullfrog,Minion,Water,0,Exceptional,Alpha,0,0
Captain Baldassare,Minion,Water,2,Unique,Alpha,1,4
Coral-Reef Kelpie,Minion,Water,0,Ordinary,Alpha,0,0
Court Jester,Minion,Water,0,Elite,Alpha,0,0
Deep-Sea Mermaids,Minion,Water,8,Ordinary,Alpha,4,4
Diluvian Kraken,Minion,Water,0,Elite,Alpha,0,0
Felbog Frog Men,Minion,Water,0,Exceptional,Alpha,0,0
Fenvale Muse,Minion,Water,0,Ordinary,Alpha,0,0
Fey Changeling,Minion,Water,9,Exceptional,Alpha,3,6
Ghost Ship,Minion,Water,0,Elite,Alpha,0,0
Giant Shark,Minion,Water,0,Exceptional,Alpha,0,0
Great Old One,Minion,Water,1,Unique,Alpha,1,2
Guile Sirens,Minion,Water,0,Exceptional,Alpha,0,0
Lord of Unland,Minion,Water,0,Unique,Alpha,0,0
Megamoeba,Minion,Water,0,Elite,Alpha,0,0
Mother Nature,Minion,Water,0,Unique,Alpha,0,0
Muck Lampreys,Minion,Water,0,Ordinary,Alpha,0,0
Old Salt Anchorman,Minion,Water,0,Ordinary,Alpha,0,0
Ormund Harpooneers,Minion,Water,0,Exceptional,Alpha,0,0
Pirate Ship,Minion,Water,0,Ordinary,Alpha,0,0
Polar Bears,Minion,Water,2,Ordinary,Alpha,2,2
Polar Explorers,Minion,Water,4,Elite,Alpha,2,4
Porcupine Pufferfish,Minion,Water,4,Ordinary,Alpha,2,4
Ruler of Thul,Minion,Water,15,Unique,Alpha,1,29
Sea Raider,Minion,Water,0,Exceptional,Alpha,0,0
Sea Serpent,Minion,Water,0,Ordinary,Alpha,0,0
Sedge Crabs,Minion,Water,0,Ordinary,Alpha,0,0
Seirawan Hydra,Minion,Water,4,Elite,Alpha,2,4
Selfsame Simulacrum,Minion,Water,11,Elite,Alpha,2,14
Sneak Thief,Minion,Water,0,Elite,Alpha,0,0
Swamp Buffalo,Minion,Water,2,Ordinary,Alpha,2,2
Swan Maidens,Minion,Water,0,Ordinary,Alpha,0,0
Tide Naiads,Minion,Water,0,Exceptional,Alpha,0,0
Tringh Constrictor,Minion,Water,0,Exceptional,Alpha,0,0
Tufted Turtles,Minion,Water,12,Ordinary,Alpha,3,8
Unland Angler,Minion,Water,0,Elite,Alpha,0,0
Unland Eel,Minion,Water,0,Exceptional,Alpha,0,0
Yokai Kappas,Minion,Water,1,Elite,Alpha,1,2
Dodge Roll,Magic,Water,2,Exceptional,Alpha,2,2
Drown,Magic,Water,4,Ordinary,Alpha,1,8
Extinguish,Magic,Water,0,Ordinary,Alpha,0,0
Fire Harpoons!,Magic,Water,0,Ordinary,Alpha,0,0
Font of Life,Magic,Water,0,Exceptional,Alpha,0,0
Frost Nova,Magic,Water,0,Exceptional,Alpha,0,0
Geyser,Magic,Water,7,Exceptional,Alpha,2,6
Ice Lance,Magic,Water,2,Ordinary,Alpha,1,4
Marine Voyage,Magic,Water,0,Exceptional,Alpha,0,0
Plague of Frogs,Magic,Water,6,Unique,Alpha,1,12
Pollimorph,Magic,Water,15,Elite,Alpha,2,16
Replication,Magic,Water,4,Elite,Alpha,2,4
Riptide,Magic,Water,21,Ordinary,Alpha,3,14
Shrink,Magic,Water,8,Exceptional,Alpha,2,8
Sleep,Magic,Water,0,Ordinary,Alpha,0,0
Stormy Seas,Magic,Water,0,Exceptional,Alpha,0,0
Twist of Fate,Magic,Water,0,Unique,Alpha,0,0
Upwelling,Magic,Water,0,Exceptional,Alpha,0,0
Wrath of the Sea,Magic,Water,0,Elite,Alpha,0,0
Abundance,Aura,Water,2,Elite,Alpha,2,2
Atlantean Fate,Aura,Water,14,Unique,Alpha,1,27
Blizzard,Aura,Water,0,Ordinary,Alpha,0,0
Flood,Aura,Water,0,Exceptional,Alpha,0,0
Mariner's Curse,Aura,Water,0,Exceptional,Alpha,0,0
Silence,Aura,Water,0,Elite,Alpha,0,0
Wall of Ice,Aura,Water,0,Ordinary,Alpha,0,0
All-terrain Vestments,Artifact,None,0,Elite,Alpha,0,0
Amethyst Core,Artifact,None,7,Unique,Alpha,1,14
Angel's Egg,Artifact,None,22,Elite,Alpha,2,24
Aquamarine Core,Artifact,None,5,Unique,Alpha,1,10
Battering Ram,Artifact,None,0,Exceptional,Alpha,0,0
Belfry,Artifact,None,0,Elite,Alpha,0,0
Black Obelisk,Artifact,None,0,Elite,Alpha,0,0
Blasted Oak,Artifact,None,0,Unique,Alpha,0,0
Buried Treasure,Artifact,None,0,Exceptional,Alpha,0,0
Chains of Prometheus,Artifact,None,1,Elite,Alpha,1,2
Crave Golem,Artifact,None,2,Exceptional,Alpha,2,2
Crown of the Victor,Artifact,None,2,Unique,Alpha,1,4
Devil's Egg,Artifact,None,4,Elite,Alpha,2,4
Doomsday Device,Artifact,None,0,Unique,Alpha,0,0
Drums of Doom,Artifact,None,4,Elite,Alpha,2,4
Erik's Curiosa,Artifact,None,0,Unique,Alpha,0,0
Flaming Sword,Artifact,None,0,Exceptional,Alpha,0,0
Gilded Aegis,Artifact,None,0,Unique,Alpha,0,0
Iron Shackles,Artifact,None,2,Exceptional,Alpha,2,2
Kythera Mechanism,Artifact,None,5,Unique,Alpha,1,10
Land Deed,Artifact,None,0,Elite,Alpha,0,0
Lucky Charm,Artifact,None,0,Exceptional,Alpha,0,0
Maddening Bells,Artifact,None,8,Elite,Alpha,2,8
Magellan Globe,Artifact,None,4,Elite,Alpha,2,4
Magnetic Muzzle,Artifact,None,0,Elite,Alpha,0,0
Mask of Mayhem,Artifact,None,0,Elite,Alpha,0,0
Mix Aer,Artifact,None,1,Elite,Alpha,1,2
Mix Aqua,Artifact,None,2,Elite,Alpha,2,2
Mix Ignis,Artifact,None,4,Elite,Alpha,2,4
Mix Terra,Artifact,None,2,Elite,Alpha,2,2
Onyx Core,Artifact,None,7,Unique,Alpha,1,14
Orb of Ba'al Berith,Artifact,None,3,Unique,Alpha,1,6
Payload Trebuchet,Artifact,None,0,Elite,Alpha,0,0
Pendulum of Peril,Artifact,None,0,Unique,Alpha,0,0
Philosopher's Stone,Artifact,None,22,Unique,Alpha,1,43
Pnakotic Manuscript,Artifact,None,4,Unique,Alpha,1,8
Poisonous Dagger,Artifact,None,2,Exceptional,Alpha,2,2
Purge Juggernaut,Artifact,None,0,Elite,Alpha,0,0
Rolling Boulder,Artifact,None,17,Exceptional,Alpha,2,20
Ruby Core,Artifact,None,8,Unique,Alpha,1,16
Scarecrow,Artifact,None,0,Ordinary,Alpha,0,0
Screaming Skull,Artifact,None,6,Elite,Alpha,2,6
Seven-League Boots,Artifact,None,0,Unique,Alpha,0,0
Siege Ballista,Artifact,None,0,Exceptional,Alpha,0,0
Spear of Destiny,Artifact,None,0,Unique,Alpha,0,0
Sunken Treasure,Artifact,None,0,Exceptional,Alpha,0,0
The Immortal Throne,Artifact,None,0,Unique,Alpha,0,0
Torshammar Trinket,Artifact,None,67,Exceptional,Alpha,2,55
Truesight Crossbow,Artifact,None,0,Exceptional,Alpha,0,0
Undertaker Engine,Artifact,None,0,Elite,Alpha,0,0
Wicker Manikin,Artifact,None,0,Ordinary,Alpha,0,0
Wings of Invention,Artifact,None,0,Exceptional,Alpha,0,0
Cloud City,Site,Air,11,Unique,Alpha,1,22
Dark Tower,Site,Air,48,Ordinary,Alpha,2,61
Gothic Tower,Site,Air,44,Ordinary,Alpha,2,57
Lone Tower,Site,Air,45,Ordinary,Alpha,1,61
Mountain Pass,Site,Air,9,Exceptional,Alpha,2,8
Observatory,Site,Air,18,Elite,Alpha,2,24
Updraft Ridge,Site,Air,4,Exceptional,Alpha,2,4
Watchtower,Site,Air,22,Exceptional,Alpha,2,22
Bedrock,Site,Earth,12,Exceptional,Alpha,3,8
Gnome Hollows,Site,Earth,19,Exceptional,Alpha,2,18
Holy Ground,Site,Earth,13,Exceptional,Alpha,2,12
Humble Village,Site,Earth,4,Ordinary,Alpha,2,4
Kingdom of Agartha,Site,Earth,1,Unique,Alpha,1,2
Pillar of Zeiros,Site,Earth,25,Unique,Alpha,1,49
Quagmire,Site,Earth,32,Exceptional,Alpha,2,25
Rift Valley,Site,Earth,32,Elite,Alpha,2,33
Rustic Village,Site,Earth,4,Ordinary,Alpha,2,4
Secret Tunnel,Site,Earth,1,Exceptional,Alpha,1,2
Simple Village,Site,Earth,12,Ordinary,Alpha,2,10
Vantage Hills,Site,Earth,0,Exceptional,Alpha,0,0
Arid Desert,Site,Fire,41,Ordinary,Alpha,3,31
Dwarven Forge,Site,Fire,1,Elite,Alpha,1,2
Mirage,Site,Fire,6,Elite,Alpha,2,8
Red Desert,Site,Fire,30,Ordinary,Alpha,2,24
Remote Desert,Site,Fire,37,Ordinary,Alpha,3,25
River of Flame,Site,Fire,20,Unique,Alpha,1,39
Shifting Sands,Site,Fire,2,Exceptional,Alpha,1,4
Smokestacks of Gnaak,Site,Fire,18,Unique,Alpha,1,35
Vesuvius,Site,Fire,15,Unique,Alpha,1,29
Autumn River,Site,Water,4,Ordinary,Alpha,4,2
Floodplain,Site,Water,47,Exceptional,Alpha,3,33
Iceberg,Site,Water,0,Exceptional,Alpha,0,0
Island Leviathan,Site,Water,2,Elite,Alpha,2,2
Maelstrom,Site,Water,0,Unique,Alpha,0,0
Spring River,Site,Water,0,Ordinary,Alpha,0,0
Summer River,Site,Water,4,Ordinary,Alpha,4,2
Tadpole Pool,Site,Water,8,Unique,Alpha,1,16
Undertow,Site,Water,1,Exceptional,Alpha,1,2
Aqueduct,Site,"Earth, Water",24,Exceptional,Alpha,3,18
Lighthouse,Site,"Air, Water",29,Exceptional,Alpha,3,22
Oasis,Site,"Fire, Water",22,Exceptional,Alpha,3,16
Pristine Paradise,Site,"Air, Earth, Fire, Water",0,Unique,Alpha,0,0
Ruins,Site,"Air, Fire",51,Exceptional,Alpha,3,35
Steppe,Site,"Earth, Fire",28,Exceptional,Alpha,3,22
The Colour Out of Space,Site,"Air, Earth, Fire, Water",28,Unique,Alpha,1,55
Windmill,Site,"Air, Earth",50,Exceptional,Alpha,3,35
Astral Alcazar,Site,None,2,Elite,Alpha,2,2
Battlefield,Site,None,0,Elite,Alpha,0,0
Boneyard,Site,None,0,Unique,Alpha,0,0
Bottomless Pit,Site,None,5,Elite,Alpha,2,6
Cornerstone,Site,None,0,Exceptional,Alpha,0,0
Crossroads,Site,None,3,Elite,Alpha,2,4
Dome of Osiros,Site,None,1,Unique,Alpha,1,2
Donnybrook Inn,Site,None,0,Unique,Alpha,0,0
Edge of the World,Site,None,0,Elite,Alpha,0,0
Free City,Site,None,21,Exceptional,Alpha,3,16
Great Wall,Site,None,2,Unique,Alpha,1,4
Imperial Road,Site,None,7,Elite,Alpha,2,8
Mirror Realm,Site,None,26,Unique,Alpha,1,51
Mudflow,Site,None,0,Exceptional,Alpha,0,0
Planar Gate,Site,None,0,Elite,Alpha,0,0
Primordial Spring,Site,None,0,Elite,Alpha,0,0
Roots of Yggdrasil,Site,None,0,Unique,Alpha,0,0
Sinkhole,Site,None,14,Elite,Alpha,2,16
Standing Stones,Site,None,0,Elite,Alpha,0,0
The Geistwood,Site,None,2,Unique,Alpha,1,4
Vaults of Zul,Site,None,0,Unique,Alpha,0,0
Avatar of Air,Avatar,None,3,Elite,Alpha,1,6
Avatar of Earth,Avatar,None,1,Elite,Alpha,1,2
Avatar of Fire,Avatar,None,0,Elite,Alpha,0,0
Avatar of Water,Avatar,None,0,Elite,Alpha,0,0
Battlemage,Avatar,None,3,Elite,Alpha,1,6
Deathspeaker,Avatar,None,2,Elite,Alpha,1,4
Elementalist,Avatar,None,1,Elite,Alpha,1,2
Enchantress,Avatar,None,0,Elite,Alpha,0,0
Pathfinder,Avatar,None,2,Unique,Alpha,1,4
Seer,Avatar,None,0,Elite,Alpha,0,0
Sorcerer,Avatar,None,11,Ordinary,Alpha,1,22
Relentless Crowd,Minion,Earth,0,Ordinary,Alpha,0,0
Winter River,Site,Water,1,Ordinary,Alpha,1,2
Sparkmage,Avatar,None,1,Ordinary,Beta,1,2
Geomancer,Avatar,None,0,Ordinary,Beta,0,0
Flamecaller,Avatar,None,4,Ordinary,Beta,1,8
Waveshaper,Avatar,None,0,Ordinary,Beta,0,0
Spellslinger,Avatar,None,0,Ordinary,Beta,0,0
Spire,Site,Air,0,Ordinary,Beta,0,0
Stream,Site,Water,0,Ordinary,Beta,0,0
Valley,Site,Earth,0,Ordinary,Beta,0,0
Wasteland,Site,Fire,1,Ordinary,Beta,1,2
13 Treasures of Britain,Artifact,None,2,Unique,Arthurian Legends,1,4
A Midsummer Night's Dream,Aura,Air,1,Unique,Arthurian Legends,1,2
Amulet of Niniane,Artifact,None,5,Unique,Arthurian Legends,1,10
Annual Fair,Site,None,11,Exceptional,Arthurian Legends,2,14
Arcane Barrage,Magic,Air,17,Elite,Arthurian Legends,2,20
Archimago,Avatar,None,7,Elite,Arthurian Legends,1,14
Arc Lightning,Magic,Air,7,Ordinary,Arthurian Legends,2,6
Attack by Night,Magic,Air,3,Exceptional,Arthurian Legends,2,4
Avalon,Site,"Air, Earth, Fire, Water",0,Unique,Arthurian Legends,0,0
Babbling Brook,Site,Water,14,Exceptional,Arthurian Legends,2,14
Bailey,Artifact,None,0,Exceptional,Arthurian Legends,0,0
Ball Lightning,Magic,Air,0,Elite,Arthurian Legends,0,0
Band of Thieves,Minion,Air,2,Ordinary,Arthurian Legends,2,2
Beacon,Site,Air,29,Exceptional,Arthurian Legends,2,25
Black Knight,Minion,"Fire, Water",2,Exceptional,Arthurian Legends,2,2
Blacksmith Family,Minion,Fire,0,Ordinary,Arthurian Legends,0,0
Bluecap Knockers,Minion,Earth,0,Exceptional,Arthurian Legends,0,0
Blue Knight,Minion,"Air, Water",5,Exceptional,Arthurian Legends,2,6
Blunderbore,Minion,Fire,2,Unique,Arthurian Legends,1,4
Bog,Site,Water,8,Ordinary,Arthurian Legends,3,6
Bonfire,Site,Fire,3,Ordinary,Arthurian Legends,2,4
Boudicca,Minion,Fire,14,Unique,Arthurian Legends,1,27
Bower of Bliss,Site,None,2,Unique,Arthurian Legends,1,4
Briar Patch,Site,Earth,12,Exceptional,Arthurian Legends,3,8
Broceliande,Site,None,1,Unique,Arthurian Legends,1,2
Brother Knight,Minion,Fire,16,Elite,Arthurian Legends,2,16
Brown Bears,Minion,Earth,3,Ordinary,Arthurian Legends,3,2
Burning Hands,Magic,Fire,0,Ordinary,Arthurian Legends,0,0
Caerleon-Upon-Usk,Site,"Earth, Fire, Water",9,Unique,Arthurian Legends,1,18
Camelot,Site,None,0,Unique,Arthurian Legends,0,0
Cast into Exile,Magic,Air,4,Exceptional,Arthurian Legends,2,4
Castle Haunt,Minion,Air,9,Exceptional,Arthurian Legends,3,6
Castle's Ablaze!,Aura,Fire,2,Elite,Arthurian Legends,2,2
Castle Servants,Minion,Air,0,Ordinary,Arthurian Legends,0,0
Charge,Magic,Fire,0,Ordinary,Arthurian Legends,0,0
Cold Iron Rod,Artifact,None,0,Exceptional,Arthurian Legends,0,0
Common Cottagers,Minion,Earth,0,Ordinary,Arthurian Legends,0,0
Common Village,Site,Earth,10,Ordinary,Arthurian Legends,2,8
Coy Nixie,Minion,Water,7,Exceptional,Arthurian Legends,2,6
Cursed Land,Site,Fire,2,Elite,Arthurian Legends,2,2
Dame Britomart,Minion,"Air, Earth, Water",1,Unique,Arthurian Legends,1,2
Degradation,Magic,Water,3,Exceptional,Arthurian Legends,3,2
Dirium Fomorians,Minion,Earth,4,Exceptional,Arthurian Legends,2,4
Dozmary Pool,Site,Water,0,Unique,Arthurian Legends,0,0
Druid,Avatar,None,14,Elite,Arthurian Legends,1,27
Duel,Magic,Earth,4,Ordinary,Arthurian Legends,2,4
Excalibur,Artifact,None,1,Unique,Arthurian Legends,1,2
Fae City,Site,Air,0,Exceptional,Arthurian Legends,0,0
Fail-not Bow,Artifact,None,1,Unique,Arthurian Legends,1,2
Feast for Crows,Magic,Air,12,Unique,Arthurian Legends,1,24
Field Laborers,Minion,Earth,3,Ordinary,Arthurian Legends,3,2
Fields of Camlann,Site,Fire,13,Unique,Arthurian Legends,1,25
Fine Courser,Minion,Air,0,Exceptional,Arthurian Legends,0,0
Finwife,Minion,Water,2,Ordinary,Arthurian Legends,2,2
Firebreathing,Magic,Fire,6,Exceptional,Arthurian Legends,3,4
Fisherman's Family,Minion,Water,0,Ordinary,Arthurian Legends,0,0
Forge,Site,Fire,15,Ordinary,Arthurian Legends,2,14
Fourberie Knot,Artifact,None,0,Exceptional,Arthurian Legends,0,0
Four Waters of Paradise,Artifact,None,3,Unique,Arthurian Legends,1,6
Frisky Red Squirrel,Minion,Earth,0,Exceptional,Arthurian Legends,0,0
Funeral Pyre,Site,Fire,74,Exceptional,Arthurian Legends,3,53
Giant Killer,Minion,Water,0,Exceptional,Arthurian Legends,0,0
Glastonbury Tor,Site,"Air, Earth, Fire",16,Unique,Arthurian Legends,1,31
Golden Harp,Artifact,None,0,Elite,Arthurian Legends,0,0
Goswhit Helmet,Artifact,None,2,Elite,Arthurian Legends,1,4
Grain Sparrow,Minion,Earth,1,Ordinary,Arthurian Legends,1,2
Grand Old Boar,Minion,Earth,0,Elite,Arthurian Legends,0,0
Grievous Insult,Magic,Water,6,Ordinary,Arthurian Legends,2,6
Grim Guisarme,Artifact,None,0,Elite,Arthurian Legends,0,0
Guards!,Magic,Earth,5,Elite,Arthurian Legends,2,6
Hamlet,Site,None,7,Ordinary,Arthurian Legends,4,4
Hamlet's Ablaze!,Aura,Fire,4,Ordinary,Arthurian Legends,4,2
Harassing Ruffians,Minion,Fire,1,Ordinary,Arthurian Legends,1,2
Helpful Hob,Minion,Water,1,Ordinary,Arthurian Legends,1,2
Horn of Caerleon,Artifact,None,0,Elite,Arthurian Legends,0,0
Hunter's Lodge,Site,Earth,5,Ordinary,Arthurian Legends,2,4
Hunting Party,Minion,Earth,2,Exceptional,Arthurian Legends,2,2
Hyter Sprites,Minion,Air,6,Ordinary,Arthurian Legends,3,4
Impenetrable Copse,Site,Earth,20,Exceptional,Arthurian Legends,2,16
Invasion,Aura,Fire,0,Elite,Arthurian Legends,0,0
Iron Man Talus,Artifact,None,0,Exceptional,Arthurian Legends,0,0
Joust!,Magic,Fire,0,Ordinary,Arthurian Legends,0,0
Joyous Garde,Site,"Air, Fire, Water",15,Unique,Arthurian Legends,1,29
Just a Rock,Artifact,None,1,Ordinary,Arthurian Legends,1,2
Keening Banshee,Minion,Air,0,Ordinary,Arthurian Legends,0,0
Kelp Cavern,Site,Water,19,Elite,Arthurian Legends,2,20
Kettletop Leprechaun,Minion,Earth,18,Ordinary,Arthurian Legends,3,14
King Arthur,Minion,"Air, Earth, Fire, Water",0,Unique,Arthurian Legends,0,0
King's Council,Magic,Air,0,Elite,Arthurian Legends,0,0
Kingswood Poachers,Minion,Water,0,Exceptional,Arthurian Legends,0,0
Knighthood,Magic,Earth,0,Exceptional,Arthurian Legends,0,0
Lady Iseult,Minion,Earth,6,Unique,Arthurian Legends,1,12
Lake Afanc,Minion,Water,0,Ordinary,Arthurian Legends,0,0
Lava Flow,Magic,Fire,5,Exceptional,Arthurian Legends,2,6
Led Astray,Magic,Water,10,Ordinary,Arthurian Legends,2,8
Leyline Henge,Site,None,0,Ordinary,Arthurian Legends,0,0
Lookout,Site,Air,19,Ordinary,Arthurian Legends,2,18
Love Potion,Artifact,None,2,Elite,Arthurian Legends,2,2
Lugbog Cat,Minion,Water,35,Exceptional,Arthurian Legends,3,24
Lumbering Giant,Minion,Fire,0,Ordinary,Arthurian Legends,0,0
Magic Missiles,Magic,Air,22,Ordinary,Arthurian Legends,2,24
Major City,Site,None,0,Elite,Arthurian Legends,0,0
Merlin,Minion,Air,5,Unique,Arthurian Legends,1,10
Merlin's Staff,Artifact,None,0,Unique,Arthurian Legends,0,0
Merlin's Tower,Site,Air,15,Unique,Arthurian Legends,1,29
Mesmerism,Magic,Water,4,Unique,Arthurian Legends,1,8
Mester Stoor Worm,Minion,Water,3,Elite,Arthurian Legends,2,4
Monstrous Lion,Minion,Fire,34,Elite,Arthurian Legends,2,33
Morgana le Fay,Minion,Fire,22,Unique,Arthurian Legends,1,43
Muirid Fomorians,Minion,Water,0,Exceptional,Arthurian Legends,0,0
Nelly Longarms,Minion,Water,5,Unique,Arthurian Legends,1,10
Ominous Owl,Minion,Air,2,Ordinary,Arthurian Legends,1,4
Overbearing Bailiff,Minion,Earth,4,Elite,Arthurian Legends,2,4
Peasant Revolt,Magic,Fire,3,Unique,Arthurian Legends,1,6
Pebbled Paths,Site,Earth,40,Exceptional,Arthurian Legends,3,29
Pendragon Banner,Artifact,None,0,Elite,Arthurian Legends,0,0
Pendragon Legacy,Magic,Earth,6,Unique,Arthurian Legends,1,12
Perilous Bridge,Site,Air,28,Elite,Arthurian Legends,2,29
Pigs of the Sounder,Minion,Earth,0,Exceptional,Arthurian Legends,0,0
Poisoned Well,Site,Fire,30,Exceptional,Arthurian Legends,2,27
Pond,Site,Water,45,Ordinary,Arthurian Legends,4,24
Pookas,Minion,Fire,3,Exceptional,Arthurian Legends,3,2
Postern Gate,Site,None,2,Elite,Arthurian Legends,2,2
Power of Flight,Magic,Air,2,Ordinary,Arthurian Legends,2,2
Purple Knight,Minion,"Air, Fire",7,Exceptional,Arthurian Legends,2,6
Queen Guinevere,Minion,"Air, Earth, Fire, Water",0,Unique,Arthurian Legends,0,0
Questing Beast,Minion,Water,12,Unique,Arthurian Legends,1,24
Rebecks,Minion,Fire,3,Unique,Arthurian Legends,1,6
Reckless Squire,Minion,Fire,0,Ordinary,Arthurian Legends,0,0
Redbreast Robin,Minion,Fire,0,Ordinary,Arthurian Legends,0,0
Redcap Powries,Minion,Fire,43,Exceptional,Arthurian Legends,3,29
Rescue,Magic,Earth,4,Ordinary,Arthurian Legends,2,4
Rhitta Gawr of Snowdonia,Minion,Earth,3,Unique,Arthurian Legends,1,6
Rhongomyniad,Artifact,None,3,Unique,Arthurian Legends,1,6
Ribble Boggart,Minion,Water,12,Elite,Arthurian Legends,2,12
Ring of Morrigan,Artifact,None,46,Unique,Arthurian Legends,1,90
Salmon of Knowledge,Minion,Water,2,Elite,Arthurian Legends,2,2
Saracen Raiders,Minion,Fire,28,Exceptional,Arthurian Legends,3,20
Saracen Scout,Minion,Fire,0,Ordinary,Arthurian Legends,0,0
Seelie Court,Minion,Water,0,Elite,Arthurian Legends,0,0
Shameless Squire,Minion,Water,0,Ordinary,Arthurian Legends,0,0
Shapeshift,Magic,Water,0,Elite,Arthurian Legends,0,0
Shatter Strike,Magic,Fire,18,Exceptional,Arthurian Legends,2,20
Shellycoat,Minion,Water,4,Ordinary,Arthurian Legends,4,2
Sherwood Huntress,Minion,Air,0,Ordinary,Arthurian Legends,0,0
Siege Giant,Minion,Fire,12,Exceptional,Arthurian Legends,2,10
Sir Agravaine,Minion,"Fire, Water",3,Unique,Arthurian Legends,1,6
Sir Balin,Minion,"Air, Fire",5,Unique,Arthurian Legends,1,10
Sir Bedivere,Minion,"Earth, Water",2,Unique,Arthurian Legends,1,4
Sir Bors the Younger,Minion,"Air, Earth",1,Unique,Arthurian Legends,1,2
Sir Gaheris,Minion,"Fire, Water",2,Unique,Arthurian Legends,1,4
Sir Galahad,Minion,"Air, Earth",5,Unique,Arthurian Legends,1,10
Sir Gareth,Minion,"Air, Water",0,Unique,Arthurian Legends,0,0
Sir Gawain,Minion,"Earth, Fire, Water",1,Unique,Arthurian Legends,1,2
Sir Ironside,Minion,"Earth, Water",2,Unique,Arthurian Legends,1,4
Sir Kay,Minion,"Air, Earth, Fire",0,Unique,Arthurian Legends,0,0
Sir Lamorak,Minion,"Air, Fire",5,Unique,Arthurian Legends,1,10
Sir Lancelot,Minion,"Earth, Fire",0,Unique,Arthurian Legends,0,0
Sir Mordred,Minion,"Fire, Water",3,Unique,Arthurian Legends,1,6
Sir Morien,Minion,"Earth, Fire",4,Unique,Arthurian Legends,1,8
Sir Pelleas,Minion,"Air, Water",4,Unique,Arthurian Legends,1,8
Sir Pellinore,Minion,"Air, Fire",3,Unique,Arthurian Legends,1,6
Sir Perceval,Minion,"Air, Earth",0,Unique,Arthurian Legends,0,0
Sir Priamus,Minion,"Earth, Fire",2,Unique,Arthurian Legends,1,4
Sir Tom Thumb,Minion,"Air, Water",1,Unique,Arthurian Legends,1,2
Sir Tristan,Minion,"Air, Fire, Water",0,Unique,Arthurian Legends,0,0
Sir Yvain,Minion,"Earth, Water",2,Unique,Arthurian Legends,1,4
Sisters of Avalon,Minion,Air,12,Exceptional,Arthurian Legends,2,10
Sly Fox,Minion,Water,13,Ordinary,Arthurian Legends,3,8
Snowball,Magic,Water,6,Exceptional,Arthurian Legends,2,8
Spearmarshal,Minion,Earth,0,Elite,Arthurian Legends,0,0
Squeakers,Minion,Earth,0,Ordinary,Arthurian Legends,0,0
Stone Rain,Magic,Earth,7,Exceptional,Arthurian Legends,2,6
Sugarplum Pixies,Minion,Water,3,Exceptional,Arthurian Legends,3,2
Swindler Troupe,Minion,Water,2,Ordinary,Arthurian Legends,2,2
Sword and Shield,Artifact,None,4,Exceptional,Arthurian Legends,2,4
Sylvan Splendor,Aura,Water,4,Elite,Arthurian Legends,2,4
Tactical Move,Magic,Air,15,Ordinary,Arthurian Legends,2,12
Tax Collector,Minion,Earth,0,Ordinary,Arthurian Legends,0,0
Templar,Avatar,None,0,Elite,Arthurian Legends,0,0
Thankless Squire,Minion,Earth,0,Ordinary,Arthurian Legends,0,0
The Black Plague,Aura,Air,4,Unique,Arthurian Legends,1,8
The Faerie Queene,Minion,Air,1,Unique,Arthurian Legends,1,2
The Great Drowning of Men,Aura,Water,1,Unique,Arthurian Legends,1,2
The Great Famine,Aura,Fire,11,Unique,Arthurian Legends,1,22
The Green Knight,Minion,Water,2,Unique,Arthurian Legends,1,4
The Lady of the Lake,Minion,Water,2,Unique,Arthurian Legends,1,4
The Ninth Legion,Minion,Air,2,Unique,Arthurian Legends,1,4
The Round Table,Artifact,None,0,Unique,Arthurian Legends,0,0
The Wild Hunt,Minion,Air,1,Elite,Arthurian Legends,1,2
Thieving Magpie,Minion,Water,1,Ordinary,Arthurian Legends,1,2
Thundering Giant,Minion,Air,4,Elite,Arthurian Legends,2,4
Tintagel,Site,"Air, Earth, Water",15,Unique,Arthurian Legends,1,29
Tithe,Magic,Earth,3,Unique,Arthurian Legends,1,6
Tooth Faeries,Minion,Air,6,Exceptional,Arthurian Legends,3,4
Tournament Grounds,Site,None,3,Exceptional,Arthurian Legends,3,2
Town,Site,None,9,Exceptional,Arthurian Legends,3,6
Treetop Hideout,Site,Air,14,Ordinary,Arthurian Legends,2,12
Troll Bridge,Site,Water,21,Exceptional,Arthurian Legends,3,16
Unseelie Court,Minion,Air,0,Elite,Arthurian Legends,0,0
Valley of Delight,Site,None,51,Elite,Arthurian Legends,2,55
Valor,Magic,Earth,5,Elite,Arthurian Legends,2,6
Vanishment,Magic,Air,0,Exceptional,Arthurian Legends,0,0
Varmint Warrens,Site,Earth,2,Elite,Arthurian Legends,2,2
Vengeful Heir,Minion,Fire,0,Elite,Arthurian Legends,0,0
Verdant Knight,Minion,"Earth, Water",2,Exceptional,Arthurian Legends,2,2
Vikings,Minion,Fire,0,Ordinary,Arthurian Legends,0,0
Vivien the Enchantress,Minion,Earth,5,Unique,Arthurian Legends,1,10
Wall of Brambles,Aura,Earth,2,Ordinary,Arthurian Legends,2,2
War Horse,Minion,Fire,46,Exceptional,Arthurian Legends,3,33
Wedding Hall,Site,"Air, Earth, Fire, Water",0,Elite,Arthurian Legends,0,0
Weightless Squire,Minion,Air,0,Ordinary,Arthurian Legends,0,0
Whirlwind,Magic,Air,0,Exceptional,Arthurian Legends,0,0
White Hart,Minion,Earth,5,Unique,Arthurian Legends,1,10
White Knight,Minion,"Air, Earth",2,Exceptional,Arthurian Legends,2,2
Witch,Avatar,None,2,Unique,Arthurian Legends,1,4
Wizard's Den,Site,None,37,Elite,Arthurian Legends,2,37
Wolpertinger,Minion,Earth,0,Elite,Arthurian Legends,0,0
Wormelow Tump,Site,Earth,6,Unique,Arthurian Legends,1,12
Wyvern,Minion,Earth,2,Exceptional,Arthurian Legends,1,4
Year of the Blaze,Aura,Fire,2,Unique,Arthurian Legends,1,4
Yellow Knight,Minion,"Earth, Fire",3,Exceptional,Arthurian Legends,3,2
