Deck,Category,Name,Quantity,Cost
Enchantress Control,Avatar,Enchantress,1,
Enchantress Control,Artifact,Philosophers Stone,1,1
Enchantress Control,Artifact,Amethyst Core,1,1
Enchantress Control,Artifact,Aquamarine Core,1,1
Enchantress Control,Artifact,Mix Ignis,2,1
Enchantress Control,Artifact,Ruby Core,1,1
Enchantress Control,Artifact,Rolling Boulder,1,4
Enchantress Control,Minion,Highland Princess,1,2
Enchantress Control,Minion,Apprentice Wizard,4,3
Enchantress Control,Minion,Selfsame Simulacrum,2,4
Enchantress Control,Minion,Grandmaster Wizard,2,6
Enchantress Control,Minion,Death Dealer,1,7
Enchantress Control,Site,Oasis,3,
Enchantress Control,Site,River of Flame,1,
Enchantress Control,Site,Dark Tower,2,
Enchantress Control,Site,Lone Tower,1,
Enchantress Control,Site,Gothic Tower,1,
Enchantress Control,Site,Ruins,3,
Enchantress Control,Site,Lighthouse,3,
Enchantress Control,Site,Floodplain,2,
Enchantress Control,Site,Pillar of Zeiros,1,
Enchantress Control,Site,Mirror Realm,1,
Enchantress Control,Site,Remote Desert,2,
Enchantress Control,Magic,Twist of Fate,1,
Enchantress Control,Magic,Riptide,1,2
Enchantress Control,Magic,Firebolts,2,2
Enchantress Control,Magic,Blink,2,2
Enchantress Control,Magic,Drown,1,3
Enchantress Control,Magic,Infiltrate,2,4
Enchantress Control,Magic,Chaos Twister,1,4
Enchantress Control,Magic,Pact with the Devil,1,4
Enchantress Control,Magic,Poison Nova,1,5
Enchantress Control,Magic,Major Explosion,2,7
Enchantress Control,Aura,Wildfire,3,4
Enchantress Control,Aura,Thunderstorm,3,4
Enchantress Control,Aura,Atlantean Fate,1,5
Enchantress Control,Aura,Abundance,2,5
Enchantress Control,Sideboard,Quagmire,1,
Enchantress Control,Sideboard,Sirocco Scorpions,4,2
Enchantress Control,Sideboard,Silence,1,3
Enchantress Control,Sideboard,Disintegrate,1,3
Enchantress Control,Sideboard,Drought,2,4
Enchantress Control,Sideboard,Poison Nova,1,5
Deathspeaker - League Championship,Avatar,Deathspeaker,1,
Deathspeaker - League Championship,Artifact,Philosophers Stone,1,1
Deathspeaker - League Championship,Artifact,Amethyst Core,1,1
Deathspeaker - League Championship,Artifact,Ruby Core,1,1
Deathspeaker - League Championship,Artifact,Aquamarine Core,1,1
Deathspeaker - League Championship,Artifact,Onyx Core,1,1
Deathspeaker - League Championship,Minion,Vile Imp,4,2
Deathspeaker - League Championship,Minion,Land Surveyor,4,2
Deathspeaker - League Championship,Minion,Highland Princess,1,2
Deathspeaker - League Championship,Minion,Apprentice Wizard,2,3
Deathspeaker - League Championship,Minion,Fey Changeling,3,3
Deathspeaker - League Championship,Minion,Ruler of Thul,1,4
Deathspeaker - League Championship,Minion,Grandmaster Wizard,2,6
Deathspeaker - League Championship,Minion,Wraetannis Titan,1,7
Deathspeaker - League Championship,Site,Dark Tower,1,
Deathspeaker - League Championship,Site,Gothic Tower,1,
Deathspeaker - League Championship,Site,Ruins,3,
Deathspeaker - League Championship,Site,Boneyard,1,
Deathspeaker - League Championship,Site,Steppe,2,
Deathspeaker - League Championship,Site,Windmill,3,
Deathspeaker - League Championship,Site,River of Flame,1,
Deathspeaker - League Championship,Site,The Colour Out of Space,1,
Deathspeaker - League Championship,Site,Floodplain,3,
Deathspeaker - League Championship,Site,Bedrock,1,
Deathspeaker - League Championship,Site,Lighthouse,1,
Deathspeaker - League Championship,Site,Humble Village,1,
Deathspeaker - League Championship,Site,Aqueduct,1,
Deathspeaker - League Championship,Magic,Firebolts,3,2
Deathspeaker - League Championship,Magic,Common Sense,4,2
Deathspeaker - League Championship,Magic,Disenchant,1,2
Deathspeaker - League Championship,Magic,Bury,3,3
Deathspeaker - League Championship,Magic,Chaos Twister,2,4
Deathspeaker - League Championship,Magic,Earthquake,2,5
Deathspeaker - League Championship,Aura,Summoning Sphere,1,1
Deathspeaker - League Championship,Aura,Atlantean Fate,1,5
Deathspeaker - League Championship,Sideboard,Bedrock,2,
Deathspeaker - League Championship,Sideboard,Disenchant,1,2
Deathspeaker - League Championship,Sideboard,Bury,1,3
Deathspeaker - League Championship,Sideboard,Drought,2,4
Deathspeaker - League Championship,Sideboard,Infiltrate,2,4
Deathspeaker - League Championship,Sideboard,Courtesan Thais,1,5
Deathspeaker - League Championship,Sideboard,Wraetannis Titan,1,7
Root Speaker,Avatar,Deathspeaker,1,
Root Speaker,Artifact,Philosophers Stone,1,1
Root Speaker,Artifact,Amethyst Core,1,1
Root Speaker,Artifact,Ruby Core,1,1
Root Speaker,Artifact,Onyx Core,1,1
Root Speaker,Artifact,Angels Egg,2,3
Root Speaker,Artifact,Pendulum of Peril,1,6
Root Speaker,Minion,Land Surveyor,4,2
Root Speaker,Minion,Highland Princess,1,2
Root Speaker,Minion,Vile Imp,1,2
Root Speaker,Minion,Apprentice Wizard,4,3
Root Speaker,Minion,Root Spider,3,3
Root Speaker,Minion,Grandmaster Wizard,2,6
Root Speaker,Minion,Nimbus Jinn,2,6
Root Speaker,Site,Windmill,3,
Root Speaker,Site,Roots of Yggdrasil,1,
Root Speaker,Site,Bedrock,3,
Root Speaker,Site,Sinkhole,2,
Root Speaker,Site,Crossroads,1,
Root Speaker,Site,Gnome Hollows,3,
Root Speaker,Site,Lone Tower,1,
Root Speaker,Site,Gothic Tower,1,
Root Speaker,Site,Dark Tower,1,
Root Speaker,Site,Steppe,1,
Root Speaker,Site,Ruins,3,
Root Speaker,Magic,Divine Healing,2,1
Root Speaker,Magic,Browse,1,1
Root Speaker,Magic,Common Sense,4,2
Root Speaker,Magic,Lightning Bolt,1,2
Root Speaker,Magic,Bury,3,3
Root Speaker,Magic,Scorched Earth,2,3
Root Speaker,Magic,Earthquake,2,5
Root Speaker,Magic,Craterize,2,8
Root Speaker,Aura,Summoning Sphere,2,1
Root Speaker,Sideboard,Vile Imp,2,2
Root Speaker,Sideboard,Disenchant,1,2
Root Speaker,Sideboard,Dispel,1,2
Root Speaker,Sideboard,Firebolts,1,2
Root Speaker,Sideboard,Infiltrate,2,4
Root Speaker,Sideboard,Clamor of Harpies,1,4
Root Speaker,Sideboard,Chaos Twister,1,4
Root Speaker,Sideboard,Wraetannis Titan,1,7
AoE ToC,Avatar,Avatar of Earth,1,
AoE ToC,Artifact,Philosophers Stone,1,1
AoE ToC,Minion,Autumn Unicorn,3,3
AoE ToC,Minion,Root Spider,2,3
AoE ToC,Minion,Pudge Butcher,3,4
AoE ToC,Minion,Dalcean Phalanx,2,4
AoE ToC,Minion,Royal Bodyguard,1,4
AoE ToC,Minion,Atlas Wanderers,2,5
AoE ToC,Minion,Daperyll Vampire,2,5
AoE ToC,Site,Watchtower,2,
AoE ToC,Site,Dark Tower,1,
AoE ToC,Site,Gothic Tower,1,
AoE ToC,Site,Lone Tower,1,
AoE ToC,Site,Windmill,3,
AoE ToC,Site,Humble Village,4,
AoE ToC,Site,Holy Ground,2,
AoE ToC,Site,Pillar of Zeiros,1,
AoE ToC,Site,Rift Valley,2,
AoE ToC,Site,Aqueduct,2,
AoE ToC,Site,Observatory,1,
AoE ToC,Magic,Divine Healing,2,1
AoE ToC,Magic,Blink,3,2
AoE ToC,Magic,Fade,1,2
AoE ToC,Magic,Common Sense,3,2
AoE ToC,Magic,Lightning Bolt,2,2
AoE ToC,Magic,Dispel,1,2
AoE ToC,Magic,Grapple Shot,4,3
AoE ToC,Magic,Bury,1,3
AoE ToC,Magic,Gigantism,1,4
AoE ToC,Magic,Cave-In,1,4
AoE ToC,Magic,Earthquake,2,5
AoE ToC,Magic,Whirling Blades,1,5
AoE ToC,Aura,Crusade,1,2
AoE ToC,Aura,Entangle Terrain,1,4
AoE ToC,Sideboard,Bedrock,1,
AoE ToC,Sideboard,Divine Healing,1,1
AoE ToC,Sideboard,Dispel,1,2
AoE ToC,Sideboard,Grim Reaper,1,2
AoE ToC,Sideboard,Highland Princess,1,2
AoE ToC,Sideboard,Recall,1,2
AoE ToC,Sideboard,Teleport,1,2
AoE ToC,Sideboard,Blink,1,2
AoE ToC,Sideboard,Chaos Twister,1,4
AoE ToC,Sideboard,Whirling Blades,1,5
Attacking Auras,Avatar,Enchantress,1,
Attacking Auras,Artifact,Philosophers Stone,1,1
Attacking Auras,Artifact,Torshammar Trinket,2,1
Attacking Auras,Artifact,Land Deed,1,4
Attacking Auras,Artifact,Chains of Prometheus,2,4
Attacking Auras,Minion,Highland Princess,1,2
Attacking Auras,Minion,Fey Changeling,2,3
Attacking Auras,Minion,Selfsame Simulacrum,2,4
Attacking Auras,Site,Dark Tower,1,
Attacking Auras,Site,Gothic Tower,2,
Attacking Auras,Site,Lone Tower,1,
Attacking Auras,Site,Ruins,3,
Attacking Auras,Site,Lighthouse,2,
Attacking Auras,Site,Oasis,3,
Attacking Auras,Site,Undertow,2,
Attacking Auras,Site,Watchtower,1,
Attacking Auras,Site,Floodplain,3,
Attacking Auras,Site,Imperial Road,2,
Attacking Auras,Magic,Riptide,2,2
Attacking Auras,Magic,Spin Attack,4,3
Attacking Auras,Magic,Leap Attack,3,4
Attacking Auras,Magic,Infiltrate,2,4
Attacking Auras,Aura,Wall of Ice,4,2
Attacking Auras,Aura,Silence,2,3
Attacking Auras,Aura,Thunderstorm,3,4
Attacking Auras,Aura,Wildfire,3,4
Attacking Auras,Aura,Flood,3,4
Attacking Auras,Aura,Atlantean Fate,1,5
Attacking Auras,Aura,Abundance,2,5
Attacking Auras,Sideboard,Grim Reaper,1,2
Attacking Auras,Sideboard,Sleep,4,2
Attacking Auras,Sideboard,Backstab,2,2
Attacking Auras,Sideboard,Drought,3,4
Avatar of Fire: Infernal Oddities,Avatar,Avatar of Fire,1,
Avatar of Fire: Infernal Oddities,Artifact,Philosophers Stone,1,1
Avatar of Fire: Infernal Oddities,Artifact,Blasted Oak,1,3
Avatar of Fire: Infernal Oddities,Minion,Vile Imp,2,2
Avatar of Fire: Infernal Oddities,Minion,Lava Salamander,3,2
Avatar of Fire: Infernal Oddities,Minion,Sacred Scarabs,2,2
Avatar of Fire: Infernal Oddities,Minion,Sirocco Scorpions,2,2
Avatar of Fire: Infernal Oddities,Minion,Colicky Dragonettes,3,3
Avatar of Fire: Infernal Oddities,Minion,Outback Strider,3,3
Avatar of Fire: Infernal Oddities,Minion,Quarrelsome Kobolds,3,3
Avatar of Fire: Infernal Oddities,Minion,Askelon Phoenix,2,5
Avatar of Fire: Infernal Oddities,Site,River of Flame,1,
Avatar of Fire: Infernal Oddities,Site,Ruins,3,
Avatar of Fire: Infernal Oddities,Site,Oasis,3,
Avatar of Fire: Infernal Oddities,Site,Red Desert,2,
Avatar of Fire: Infernal Oddities,Site,Arid Desert,2,
Avatar of Fire: Infernal Oddities,Site,Watchtower,2,
Avatar of Fire: Infernal Oddities,Site,Sinkhole,2,
Avatar of Fire: Infernal Oddities,Site,Roots of Yggdrasil,1,
Avatar of Fire: Infernal Oddities,Site,Crossroads,1,
Avatar of Fire: Infernal Oddities,Site,Pillar of Zeiros,1,
Avatar of Fire: Infernal Oddities,Site,Lighthouse,2,
Avatar of Fire: Infernal Oddities,Magic,Immolation,1,1
Avatar of Fire: Infernal Oddities,Magic,Firebolts,3,2
Avatar of Fire: Infernal Oddities,Magic,Blink,3,2
Avatar of Fire: Infernal Oddities,Magic,Disintegrate,2,3
Avatar of Fire: Infernal Oddities,Magic,Scorched Earth,2,3
Avatar of Fire: Infernal Oddities,Magic,Flanking Maneuver,2,3
Avatar of Fire: Infernal Oddities,Magic,Infiltrate,2,4
Avatar of Fire: Infernal Oddities,Magic,Fireball,2,4
Avatar of Fire: Infernal Oddities,Aura,Jihad,1,2
Avatar of Fire: Infernal Oddities,Sideboard,Watchtower,1,
Avatar of Fire: Infernal Oddities,Sideboard,Swiven Scout,2,2
Avatar of Fire: Infernal Oddities,Sideboard,Vile Imp,1,2
Avatar of Fire: Infernal Oddities,Sideboard,Geyser,2,2
Avatar of Fire: Infernal Oddities,Sideboard,Angels Egg,2,3
Avatar of Fire: Infernal Oddities,Sideboard,Drought,2,4
AOE haine,Avatar,Avatar of Earth,1,
AOE haine,Artifact,Onyx Core,1,1
AOE haine,Artifact,Amethyst Core,1,1
AOE haine,Artifact,Philosophers Stone,1,1
AOE haine,Artifact,Mix Terra,2,1
AOE haine,Minion,Root Spider,3,3
AOE haine,Minion,Autumn Unicorn,3,3
AOE haine,Minion,Dalcean Phalanx,3,4
AOE haine,Minion,Royal Bodyguard,2,4
AOE haine,Minion,Pudge Butcher,3,4
AOE haine,Minion,Atlas Wanderers,2,5
AOE haine,Site,Rift Valley,2,
AOE haine,Site,Windmill,3,
AOE haine,Site,Mirror Realm,1,
AOE haine,Site,Dark Tower,1,
AOE haine,Site,Lone Tower,2,
AOE haine,Site,Gothic Tower,2,
AOE haine,Site,Pillar of Zeiros,1,
AOE haine,Site,Humble Village,4,
AOE haine,Site,Rustic Village,4,
AOE haine,Magic,Divine Healing,3,1
AOE haine,Magic,Blink,2,2
AOE haine,Magic,Common Sense,3,2
AOE haine,Magic,Lightning Bolt,1,2
AOE haine,Magic,Disenchant,1,2
AOE haine,Magic,Bury,2,3
AOE haine,Magic,Grapple Shot,4,3
AOE haine,Magic,Earthquake,2,5
AOE haine,Magic,Whirling Blades,1,5
AOE haine,Sideboard,Quagmire,2,
AOE haine,Sideboard,Common Sense,1,2
AOE haine,Sideboard,Shield Maidens,3,3
AOE haine,Sideboard,Bury,1,3
AOE haine,Sideboard,Daperyll Vampire,3,
Deathspeaker Control,Avatar,Deathspeaker,1,
Deathspeaker Control,Artifact,Philosophers Stone,1,1
Deathspeaker Control,Artifact,Amethyst Core,1,1
Deathspeaker Control,Artifact,Onyx Core,1,1
Deathspeaker Control,Artifact,Ruby Core,1,1
Deathspeaker Control,Minion,Vile Imp,4,2
Deathspeaker Control,Minion,Land Surveyor,2,2
Deathspeaker Control,Minion,Highland Princess,1,2
Deathspeaker Control,Minion,Highland Falconer,2,2
Deathspeaker Control,Minion,Sacred Scarabs,2,2
Deathspeaker Control,Minion,Palliburrie Bats,1,2
Deathspeaker Control,Minion,Apprentice Wizard,4,3
Deathspeaker Control,Minion,Grandmaster Wizard,2,6
Deathspeaker Control,Minion,Nimbus Jinn,2,6
Deathspeaker Control,Minion,Death Dealer,1,7
Deathspeaker Control,Site,River of Flame,1,
Deathspeaker Control,Site,The Geistwood,1,
Deathspeaker Control,Site,Windmill,3,
Deathspeaker Control,Site,Ruins,3,
Deathspeaker Control,Site,Steppe,3,
Deathspeaker Control,Site,Vesuvius,1,
Deathspeaker Control,Site,Arid Desert,2,
Deathspeaker Control,Site,Lone Tower,1,
Deathspeaker Control,Site,Dark Tower,1,
Deathspeaker Control,Site,Gothic Tower,1,
Deathspeaker Control,Site,Pillar of Zeiros,1,
Deathspeaker Control,Site,Mirror Realm,1,
Deathspeaker Control,Site,Gnome Hollows,1,
Deathspeaker Control,Magic,Lightning Bolt,1,2
Deathspeaker Control,Magic,Disenchant,1,2
Deathspeaker Control,Magic,Firebolts,2,2
Deathspeaker Control,Magic,Windblast,1,2
Deathspeaker Control,Magic,Common Sense,2,2
Deathspeaker Control,Magic,Minor Explosion,1,3
Deathspeaker Control,Magic,Heat Ray,1,3
Deathspeaker Control,Magic,Pact with the Devil,1,4
Deathspeaker Control,Magic,Earthquake,2,5
Deathspeaker Control,Magic,Major Explosion,1,7
Deathspeaker Control,Aura,Summoning Sphere,2,1
Deathspeaker Control,Sideboard,Root Spider,3,3
Deathspeaker Control,Sideboard,Black Obelisk,2,3
Deathspeaker Control,Sideboard,Angels Egg,2,3
Deathspeaker Control,Sideboard,Daperyll Vampire,3,5
ToC_Metroidpikmin,Avatar,Deathspeaker,1,
ToC_Metroidpikmin,Artifact,Philosophers Stone,1,1
ToC_Metroidpikmin,Artifact,Drums of Doom,1,5
ToC_Metroidpikmin,Minion,Highland Falconer,2,2
ToC_Metroidpikmin,Minion,Vile Imp,4,2
ToC_Metroidpikmin,Minion,Sacred Scarabs,4,2
ToC_Metroidpikmin,Minion,Apprentice Wizard,4,3
ToC_Metroidpikmin,Minion,Quarrelsome Kobolds,2,3
ToC_Metroidpikmin,Minion,Panorama Manticore,2,5
ToC_Metroidpikmin,Minion,Grandmaster Wizard,2,6
ToC_Metroidpikmin,Minion,Death Dealer,1,7
ToC_Metroidpikmin,Site,Dark Tower,1,
ToC_Metroidpikmin,Site,Gothic Tower,1,
ToC_Metroidpikmin,Site,Lone Tower,1,
ToC_Metroidpikmin,Site,Ruins,3,
ToC_Metroidpikmin,Site,The Geistwood,1,
ToC_Metroidpikmin,Site,Steppe,3,
ToC_Metroidpikmin,Site,Windmill,3,
ToC_Metroidpikmin,Site,Lighthouse,2,
ToC_Metroidpikmin,Site,Oasis,1,
ToC_Metroidpikmin,Site,River of Flame,1,
ToC_Metroidpikmin,Site,Vesuvius,1,
ToC_Metroidpikmin,Site,Watchtower,2,
ToC_Metroidpikmin,Site,The Colour Out of Space,1,
ToC_Metroidpikmin,Site,Bottomless Pit,1,
ToC_Metroidpikmin,Magic,Firebolts,3,2
ToC_Metroidpikmin,Magic,Lightning Bolt,3,2
ToC_Metroidpikmin,Magic,Disenchant,1,2
ToC_Metroidpikmin,Magic,Common Sense,2,2
ToC_Metroidpikmin,Magic,Scorched Earth,2,3
ToC_Metroidpikmin,Magic,Disintegrate,1,3
ToC_Metroidpikmin,Magic,Infiltrate,2,4
ToC_Metroidpikmin,Magic,Pact with the Devil,1,4
ToC_Metroidpikmin,Magic,Poison Nova,1,5
ToC_Metroidpikmin,Aura,Summoning Sphere,2,1
ToC_Metroidpikmin,Aura,Jihad,1,2
ToC_Metroidpikmin,Aura,Thunderstorm,2,4
ToC_Metroidpikmin,Sideboard,Kingdom of Agartha,1,
ToC_Metroidpikmin,Sideboard,Divine Healing,1,1
ToC_Metroidpikmin,Sideboard,Pit Vipers,1,1
ToC_Metroidpikmin,Sideboard,Bury,2,3
ToC_Metroidpikmin,Sideboard,Root Spider,1,3
ToC_Metroidpikmin,Sideboard,Royal Bodyguard,2,4
ToC_Metroidpikmin,Sideboard,Hounds of Ondaros,1,5
ToC_Metroidpikmin,Sideboard,Wraetannis Titan,1,7
Krakens Revenge!,Avatar,Sorcerer,1,
Krakens Revenge!,Artifact,Mix Aqua,2,1
Krakens Revenge!,Artifact,Pnakotic Manuscript,1,2
Krakens Revenge!,Minion,Sedge Crabs,2,1
Krakens Revenge!,Minion,Adept Illusionist,2,2
Krakens Revenge!,Minion,Swiven Scout,2,2
Krakens Revenge!,Minion,Apprentice Wizard,3,3
Krakens Revenge!,Minion,Captain Baldassare,1,4
Krakens Revenge!,Minion,Lord of Unland,1,4
Krakens Revenge!,Minion,Ruler of Thul,1,4
Krakens Revenge!,Minion,Giant Shark,2,5
Krakens Revenge!,Minion,Hounds of Ondaros,2,5
Krakens Revenge!,Minion,Great Old One,1,8
Krakens Revenge!,Minion,Diluvian Kraken,1,8
Krakens Revenge!,Site,Floodplain,3,
Krakens Revenge!,Site,Lighthouse,3,
Krakens Revenge!,Site,Oasis,3,
Krakens Revenge!,Site,Maelstrom,1,
Krakens Revenge!,Site,Undertow,3,
Krakens Revenge!,Site,Tadpole Pool,1,
Krakens Revenge!,Site,Dark Tower,1,
Krakens Revenge!,Site,Gothic Tower,1,
Krakens Revenge!,Site,Lone Tower,1,
Krakens Revenge!,Site,Autumn River,1,
Krakens Revenge!,Site,Winter River,1,
Krakens Revenge!,Site,Ruins,1,
Krakens Revenge!,Magic,Plague of Frogs,1,1
Krakens Revenge!,Magic,Shrink,2,1
Krakens Revenge!,Magic,Pollimorph,2,2
Krakens Revenge!,Magic,Disenchant,1,2
Krakens Revenge!,Magic,Riptide,4,2
Krakens Revenge!,Magic,Font of Life,3,3
Krakens Revenge!,Magic,Ice Lance,2,3
Krakens Revenge!,Magic,Infiltrate,2,4
Krakens Revenge!,Magic,Wrath of the Sea,1,7
Krakens Revenge!,Aura,Mariners Curse,1,3
Krakens Revenge!,Aura,Atlantean Fate,1,5
Krakens Revenge!,Sideboard,Disenchant,1,2
Krakens Revenge!,Sideboard,Mortality,2,2
Krakens Revenge!,Sideboard,Drown,3,3
Krakens Revenge!,Sideboard,Accursed Albatross,2,3
Krakens Revenge!,Sideboard,Flood,2,4
Enchantress @Anselan,Avatar,Enchantress,1,
Enchantress @Anselan,Artifact,Torshammar Trinket,1,1
Enchantress @Anselan,Artifact,Philosophers Stone,1,1
Enchantress @Anselan,Artifact,Amethyst Core,1,1
Enchantress @Anselan,Artifact,Aquamarine Core,1,1
Enchantress @Anselan,Artifact,Ruby Core,1,1
Enchantress @Anselan,Minion,Highland Princess,1,2
Enchantress @Anselan,Minion,Highland Falconer,2,2
Enchantress @Anselan,Minion,Palliburrie Bats,1,2
Enchantress @Anselan,Minion,Sacred Scarabs,2,2
Enchantress @Anselan,Minion,Apprentice Wizard,4,3
Enchantress @Anselan,Minion,Fey Changeling,1,3
Enchantress @Anselan,Minion,Selfsame Simulacrum,2,4
Enchantress @Anselan,Minion,Grandmaster Wizard,2,6
Enchantress @Anselan,Minion,Death Dealer,1,7
Enchantress @Anselan,Site,Mirror Realm,1,
Enchantress @Anselan,Site,Dark Tower,1,
Enchantress @Anselan,Site,Gothic Tower,1,
Enchantress @Anselan,Site,Lone Tower,1,
Enchantress @Anselan,Site,River of Flame,1,
Enchantress @Anselan,Site,Oasis,3,
Enchantress @Anselan,Site,Ruins,3,
Enchantress @Anselan,Site,Lighthouse,3,
Enchantress @Anselan,Site,The Colour Out of Space,1,
Enchantress @Anselan,Site,Autumn River,2,
Enchantress @Anselan,Site,Spring River,1,
Enchantress @Anselan,Site,Summer River,1,
Enchantress @Anselan,Site,The Geistwood,1,
Enchantress @Anselan,Magic,Twist of Fate,1,
Enchantress @Anselan,Magic,Browse,1,1
Enchantress @Anselan,Magic,Infiltrate,2,4
Enchantress @Anselan,Magic,Pact with the Devil,1,4
Enchantress @Anselan,Magic,Chaos Twister,2,4
Enchantress @Anselan,Magic,Major Explosion,1,7
Enchantress @Anselan,Aura,Silence,2,3
Enchantress @Anselan,Aura,Thunderstorm,3,4
Enchantress @Anselan,Aura,Wildfire,3,4
Enchantress @Anselan,Aura,Atlantean Fate,1,5
Enchantress @Anselan,Aura,Abundance,2,5
Enchantress @Anselan,Sideboard,Deathspeaker,1,
Enchantress @Anselan,Sideboard,Summoning Sphere,1,1
Enchantress @Anselan,Sideboard,Vile Imp,4,2
Enchantress @Anselan,Sideboard,Disenchant,1,2
Enchantress @Anselan,Sideboard,Fey Changeling,2,3
Enchantress @Anselan,Sideboard,Nimbus Jinn,1,6
earth champ,Avatar,Avatar of Earth,1,
earth champ,Artifact,Philosophers Stone,1,1
earth champ,Artifact,Onyx Core,1,1
earth champ,Artifact,Amethyst Core,1,1
earth champ,Minion,Autumn Unicorn,3,3
earth champ,Minion,Crown Prince,1,3
earth champ,Minion,Royal Bodyguard,2,4
earth champ,Minion,Pudge Butcher,3,4
earth champ,Minion,Dalcean Phalanx,3,4
earth champ,Minion,Atlas Wanderers,2,5
earth champ,Minion,Daperyll Vampire,3,5
earth champ,Site,Windmill,3,
earth champ,Site,Lone Tower,1,
earth champ,Site,Gothic Tower,1,
earth champ,Site,Dark Tower,1,
earth champ,Site,Humble Village,3,
earth champ,Site,Rustic Village,2,
earth champ,Site,Simple Village,2,
earth champ,Site,Holy Ground,2,
earth champ,Site,Pillar of Zeiros,1,
earth champ,Site,Observatory,2,
earth champ,Site,Rift Valley,2,
earth champ,Magic,Divine Healing,2,1
earth champ,Magic,Lightning Bolt,3,2
earth champ,Magic,Blink,3,2
earth champ,Magic,Common Sense,3,2
earth champ,Magic,Dispel,1,2
earth champ,Magic,Bury,2,3
earth champ,Magic,Grapple Shot,4,3
earth champ,Magic,Earthquake,2,5
earth champ,Sideboard,Sorcerer,1,
earth champ,Sideboard,Divine Healing,1,1
earth champ,Sideboard,Chain Lightning,1,2
earth champ,Sideboard,Dispel,1,2
earth champ,Sideboard,Root Spider,3,3
earth champ,Sideboard,Devils Egg,2,3
earth champ,Sideboard,Queen of Midland,1,
AoA Tempo,Avatar,Avatar of Air,1,
AoA Tempo,Artifact,Rolling Boulder,2,4
AoA Tempo,Minion,Spectral Stalker,4,2
AoA Tempo,Minion,Phase Assassin,3,3
AoA Tempo,Minion,Phantasmal Shade,3,3
AoA Tempo,Minion,Gyre Hippogriffs,3,4
AoA Tempo,Minion,Petrosian Cavalry,3,4
AoA Tempo,Minion,Hillock Basilisk,3,4
AoA Tempo,Minion,Skirmishers of Mu,3,4
AoA Tempo,Site,The Colour Out of Space,1,
AoA Tempo,Site,Oasis,2,
AoA Tempo,Site,Ruins,3,
AoA Tempo,Site,Lighthouse,3,
AoA Tempo,Site,Gothic Tower,3,
AoA Tempo,Site,Lone Tower,3,
AoA Tempo,Site,Dark Tower,3,
AoA Tempo,Site,Watchtower,2,
AoA Tempo,Magic,Browse,1,1
AoA Tempo,Magic,Sleep,3,2
AoA Tempo,Magic,Blink,3,2
AoA Tempo,Magic,Grapple Shot,4,3
AoA Tempo,Magic,Infiltrate,2,4
AoA Tempo,Aura,Thunderstorm,3,4
AoA Tempo,Sideboard,Geyser,2,2
AoA Tempo,Sideboard,Blaze,3,3
AoA Tempo,Sideboard,Maddening Bells,2,4
AoA Tempo,Sideboard,Daperyll Vampire,3,5
Rubble Control v1.3,Avatar,Elementalist,1,
Rubble Control v1.3,Artifact,Magellan Globe,2,2
Rubble Control v1.3,Artifact,Orb of Baal Berith,1,5
Rubble Control v1.3,Minion,Wayfaring Pilgrim,3,2
Rubble Control v1.3,Minion,Bosk Troll,4,2
Rubble Control v1.3,Minion,Autumn Unicorn,3,3
Rubble Control v1.3,Minion,Root Spider,3,3
Rubble Control v1.3,Minion,Pudge Butcher,3,4
Rubble Control v1.3,Minion,Dalcean Phalanx,3,4
Rubble Control v1.3,Site,Bedrock,3,
Rubble Control v1.3,Site,Crossroads,2,
Rubble Control v1.3,Site,Mirror Realm,1,
Rubble Control v1.3,Site,Primordial Spring,2,
Rubble Control v1.3,Site,Roots of Yggdrasil,1,
Rubble Control v1.3,Site,Sinkhole,2,
Rubble Control v1.3,Site,Gnome Hollows,3,
Rubble Control v1.3,Site,Free City,3,
Rubble Control v1.3,Site,Pillar of Zeiros,1,
Rubble Control v1.3,Site,Imperial Road,2,
Rubble Control v1.3,Magic,Blink,4,2
Rubble Control v1.3,Magic,Common Sense,4,2
Rubble Control v1.3,Magic,Scorched Earth,2,3
Rubble Control v1.3,Magic,Bury,4,3
Rubble Control v1.3,Magic,Earthquake,2,5
Rubble Control v1.3,Magic,Craterize,2,8
Rubble Control v1.3,Sideboard,Holy Ground,3,
Rubble Control v1.3,Sideboard,Divine Healing,3,1
Rubble Control v1.3,Sideboard,Scent Hounds,1,2
Rubble Control v1.3,Sideboard,Call to War,3,
Eggchantress,Avatar,Enchantress,1,
Eggchantress,Artifact,Aquamarine Core,1,1
Eggchantress,Artifact,Ruby Core,1,1
Eggchantress,Artifact,Philosophers Stone,1,1
Eggchantress,Artifact,Amethyst Core,1,1
Eggchantress,Artifact,Pnakotic Manuscript,1,2
Eggchantress,Artifact,Devils Egg,2,3
Eggchantress,Artifact,Rolling Boulder,1,4
Eggchantress,Minion,Highland Princess,1,2
Eggchantress,Minion,Deep-Sea Mermaids,4,3
Eggchantress,Minion,Selfsame Simulacrum,2,4
Eggchantress,Minion,Ruler of Thul,1,4
Eggchantress,Minion,Grandmaster Wizard,2,6
Eggchantress,Minion,Death Dealer,1,7
Eggchantress,Site,The Colour Out of Space,1,
Eggchantress,Site,Tadpole Pool,1,
Eggchantress,Site,Dark Tower,1,
Eggchantress,Site,Gothic Tower,1,
Eggchantress,Site,Lone Tower,1,
Eggchantress,Site,Ruins,3,
Eggchantress,Site,Lighthouse,3,
Eggchantress,Site,Oasis,3,
Eggchantress,Site,Floodplain,3,
Eggchantress,Site,River of Flame,1,
Eggchantress,Site,Mirror Realm,1,
Eggchantress,Magic,Twist of Fate,1,
Eggchantress,Magic,Plague of Frogs,1,1
Eggchantress,Magic,Blink,2,2
Eggchantress,Magic,Firebolts,2,2
Eggchantress,Magic,Infiltrate,2,4
Eggchantress,Magic,Chaos Twister,2,4
Eggchantress,Magic,Major Explosion,2,7
Eggchantress,Aura,Wildfire,3,4
Eggchantress,Aura,Thunderstorm,3,4
Eggchantress,Aura,Atlantean Fate,1,5
Eggchantress,Aura,Abundance,2,5
Eggchantress,Sideboard,Pillar of Zeiros,1,
Eggchantress,Sideboard,Silence,2,3
Eggchantress,Sideboard,Angels Egg,2,3
Eggchantress,Sideboard,Boil,1,3
Eggchantress,Sideboard,Rolling Boulder,1,4
Eggchantress,Sideboard,Drought,2,4
Eggchantress,Sideboard,Poison Nova,1,5
ToC Deck 2,Avatar,Enchantress,1,
ToC Deck 2,Artifact,Philosophers Stone,1,1
ToC Deck 2,Artifact,Aquamarine Core,1,1
ToC Deck 2,Artifact,Rolling Boulder,2,4
ToC Deck 2,Minion,Porcupine Pufferfish,2,1
ToC Deck 2,Minion,Lord of Unland,1,4
ToC Deck 2,Minion,Selfsame Simulacrum,2,4
ToC Deck 2,Minion,Pirate Ship,4,4
ToC Deck 2,Minion,Anui Undine,3,5
ToC Deck 2,Minion,Unland Angler,2,5
ToC Deck 2,Site,Crossroads,1,
ToC Deck 2,Site,Floodplain,3,
ToC Deck 2,Site,Lighthouse,3,
ToC Deck 2,Site,Island Leviathan,2,
ToC Deck 2,Site,Maelstrom,1,
ToC Deck 2,Site,Mirror Realm,1,
ToC Deck 2,Site,Oasis,3,
ToC Deck 2,Site,Pristine Paradise,1,
ToC Deck 2,Site,The Colour Out of Space,1,
ToC Deck 2,Site,Undertow,3,
ToC Deck 2,Site,Tadpole Pool,1,
ToC Deck 2,Magic,Riptide,4,2
ToC Deck 2,Magic,Critical Strike,1,2
ToC Deck 2,Magic,Geyser,2,2
ToC Deck 2,Magic,Grapple Shot,2,3
ToC Deck 2,Magic,Drown,2,3
ToC Deck 2,Magic,Stormy Seas,2,4
ToC Deck 2,Magic,Unlikely Alliance,2,4
ToC Deck 2,Aura,Wall of Fire,2,2
ToC Deck 2,Aura,Flood,3,4
ToC Deck 2,Aura,Wildfire,3,4
ToC Deck 2,Aura,Atlantean Fate,1,5
ToC Deck 2,Sideboard,Disenchant,2,2
ToC Deck 2,Sideboard,Windblast,3,2
ToC Deck 2,Sideboard,Boil,2,3
ToC Deck 2,Sideboard,Poison Nova,2,5
ToC Deck 2,Sideboard,Diluvian Kraken,1,8
Playing Frogger With My Life,Avatar,Battlemage,1,
Playing Frogger With My Life,Artifact,Crown of the Victor,1,3
Playing Frogger With My Life,Artifact,Screaming Skull,2,3
Playing Frogger With My Life,Artifact,Flaming Sword,2,4
Playing Frogger With My Life,Minion,Polar Explorers,2,2
Playing Frogger With My Life,Minion,Spectral Stalker,4,2
Playing Frogger With My Life,Minion,Phase Assassin,3,3
Playing Frogger With My Life,Minion,Gyre Hippogriffs,3,4
Playing Frogger With My Life,Minion,Ruler of Thul,1,4
Playing Frogger With My Life,Site,Lighthouse,3,
Playing Frogger With My Life,Site,Gothic Tower,2,
Playing Frogger With My Life,Site,Dark Tower,3,
Playing Frogger With My Life,Site,Lone Tower,2,
Playing Frogger With My Life,Site,Observatory,2,
Playing Frogger With My Life,Site,Winter River,4,
Playing Frogger With My Life,Site,Cloud City,1,
Playing Frogger With My Life,Site,Floodplain,3,
Playing Frogger With My Life,Magic,Shrink,2,1
Playing Frogger With My Life,Magic,Browse,1,1
Playing Frogger With My Life,Magic,Pollimorph,2,2
Playing Frogger With My Life,Magic,Blink,4,2
Playing Frogger With My Life,Magic,Lightning Bolt,4,2
Playing Frogger With My Life,Magic,Grapple Shot,4,3
Playing Frogger With My Life,Magic,Ice Lance,2,3
Playing Frogger With My Life,Magic,Chaos Twister,2,4
Playing Frogger With My Life,Magic,Whirling Blades,1,5
Playing Frogger With My Life,Sideboard,Sinkhole,2,
Playing Frogger With My Life,Sideboard,Shrink,1,1
Playing Frogger With My Life,Sideboard,Rain of Arrows,2,2
Playing Frogger With My Life,Sideboard,Teleport,2,2
Playing Frogger With My Life,Sideboard,Grim Reaper,1,2
Playing Frogger With My Life,Sideboard,Chain Lightning,2,
Its getting steamy,Avatar,Enchantress,1,
Its getting steamy,Artifact,Torshammar Trinket,1,1
Its getting steamy,Artifact,Philosophers Stone,1,1
Its getting steamy,Artifact,Ruby Core,1,1
Its getting steamy,Artifact,Chains of Prometheus,1,4
Its getting steamy,Artifact,Land Deed,1,4
Its getting steamy,Artifact,Mask of Mayhem,1,4
Its getting steamy,Site,Floodplain,3,
Its getting steamy,Site,River of Flame,1,
Its getting steamy,Site,Spring River,1,
Its getting steamy,Site,Smokestacks of Gnaak,1,
Its getting steamy,Site,Tadpole Pool,1,
Its getting steamy,Site,Undertow,3,
Its getting steamy,Site,Summer River,1,
Its getting steamy,Site,Vesuvius,1,
Its getting steamy,Site,Oasis,3,
Its getting steamy,Site,Mirror Realm,1,
Its getting steamy,Site,Primordial Spring,1,
Its getting steamy,Site,Maelstrom,1,
Its getting steamy,Site,Autumn River,1,
Its getting steamy,Site,Arid Desert,1,
Its getting steamy,Magic,Critical Strike,2,2
Its getting steamy,Magic,Riptide,2,2
Its getting steamy,Magic,Pollimorph,2,2
Its getting steamy,Magic,Geyser,1,2
Its getting steamy,Magic,Disintegrate,2,3
Its getting steamy,Magic,Spin Attack,2,3
Its getting steamy,Magic,Boil,1,3
Its getting steamy,Magic,Ice Lance,1,3
Its getting steamy,Magic,Font of Life,1,3
Its getting steamy,Magic,Stormy Seas,1,4
Its getting steamy,Magic,Infiltrate,1,4
Its getting steamy,Aura,Wall of Fire,3,2
Its getting steamy,Aura,Jihad,1,2
Its getting steamy,Aura,Mariners Curse,2,3
Its getting steamy,Aura,Silence,2,3
Its getting steamy,Aura,Drought,3,4
Its getting steamy,Aura,Flood,3,4
Its getting steamy,Aura,Wildfire,3,4
Its getting steamy,Aura,Atlantean Fate,1,5
Its getting steamy,Sideboard,Kythera Mechanism,1,1
Its getting steamy,Sideboard,Plague of Frogs,1,1
Its getting steamy,Sideboard,Firebolts,1,2
Its getting steamy,Sideboard,Geyser,1,2
Its getting steamy,Sideboard,Font of Life,2,3
Its getting steamy,Sideboard,Heat Ray,1,3
Its getting steamy,Sideboard,Rolling Boulder,1,4
Its getting steamy,Sideboard,Mask of Mayhem,1,4
Its getting steamy,Sideboard,Poison Nova,1,
League Blitz,Avatar,Pathfinder,1,
League Blitz,Artifact,Mix Terra,2,1
League Blitz,Artifact,Chains of Prometheus,1,4
League Blitz,Minion,Bosk Troll,3,2
League Blitz,Minion,Cloud Spirit,3,2
League Blitz,Minion,Grim Reaper,1,2
League Blitz,Minion,Autumn Unicorn,3,3
League Blitz,Minion,Root Spider,3,3
League Blitz,Minion,Headless Haunt,3,3
League Blitz,Minion,Moon Clan Werewolf,3,3
League Blitz,Minion,House Arn Bannerman,3,4
League Blitz,Minion,King of the Realm,1,7
League Blitz,Site,Dark Tower,1,
League Blitz,Site,Gothic Tower,1,
League Blitz,Site,Holy Ground,1,
League Blitz,Site,Humble Village,1,
League Blitz,Site,Kingdom of Agartha,1,
League Blitz,Site,Lone Tower,1,
League Blitz,Site,Observatory,1,
League Blitz,Site,Pillar of Zeiros,1,
League Blitz,Site,Rustic Village,1,
League Blitz,Site,Secret Tunnel,1,
League Blitz,Site,Simple Village,1,
League Blitz,Site,Mirror Realm,1,
League Blitz,Site,Gnome Hollows,1,
League Blitz,Site,Windmill,1,
League Blitz,Site,Bedrock,1,
League Blitz,Site,Watchtower,1,
League Blitz,Site,Free City,1,
League Blitz,Site,Cloud City,1,
League Blitz,Site,Crossroads,1,
League Blitz,Site,Great Wall,1,
League Blitz,Magic,Blink,4,2
League Blitz,Magic,Common Sense,2,2
League Blitz,Magic,Disenchant,1,2
League Blitz,Magic,Dispel,1,2
League Blitz,Magic,Lightning Bolt,3,2
League Blitz,Magic,Border Militia,4,3
League Blitz,Magic,Grapple Shot,3,3
League Blitz,Aura,Crusade,1,2
League Blitz,Sideboard,Bury,2,3
League Blitz,Sideboard,Pudge Butcher,2,4
League Blitz,Sideboard,Earthquake,2,5
League Blitz,Sideboard,Daperyll Vampire,2,5
League Blitz,Sideboard,Nightmare,2,7
Wondering River,Avatar,Pathfinder,1,
Wondering River,Artifact,Mix Aqua,2,1
Wondering River,Minion,Porcupine Pufferfish,2,1
Wondering River,Minion,Grim Reaper,1,2
Wondering River,Minion,Tufted Turtles,4,3
Wondering River,Minion,Apprentice Wizard,3,3
Wondering River,Minion,Captain Baldassare,1,4
Wondering River,Minion,Skirmishers of Mu,2,4
Wondering River,Minion,Daperyll Vampire,3,5
Wondering River,Minion,Giant Shark,3,5
Wondering River,Minion,Great Old One,1,8
Wondering River,Site,Autumn River,1,
Wondering River,Site,Dark Tower,1,
Wondering River,Site,Floodplain,1,
Wondering River,Site,Gothic Tower,1,
Wondering River,Site,Island Leviathan,1,
Wondering River,Site,Lighthouse,1,
Wondering River,Site,Lone Tower,1,
Wondering River,Site,Maelstrom,1,
Wondering River,Site,Observatory,1,
Wondering River,Site,Spring River,1,
Wondering River,Site,Summer River,1,
Wondering River,Site,Tadpole Pool,1,
Wondering River,Site,Watchtower,1,
Wondering River,Site,Updraft Ridge,1,
Wondering River,Site,Undertow,1,
Wondering River,Site,Cloud City,1,
Wondering River,Site,Mountain Pass,1,
Wondering River,Site,Dome of Osiros,1,
Wondering River,Site,Mirror Realm,1,
Wondering River,Site,Free City,1,
Wondering River,Magic,Shrink,2,1
Wondering River,Magic,Riptide,1,2
Wondering River,Magic,Blink,3,2
Wondering River,Magic,Lightning Bolt,2,2
Wondering River,Magic,Disenchant,2,2
Wondering River,Magic,Font of Life,2,3
Wondering River,Magic,Grapple Shot,2,3
Wondering River,Magic,Drown,1,3
Wondering River,Magic,Wrath of the Sea,1,7
Wondering River,Aura,Flood,1,4
Wondering River,Aura,Atlantean Fate,1,5
Wondering River,Sideboard,Spectral Stalker,4,2
Wondering River,Sideboard,Accursed Albatross,3,3
Wondering River,Sideboard,Fey Changeling,2,3
Wondering River,Sideboard,Font of Life,1,3
Instruments of Virtue,Avatar,Battlemage,1,
Instruments of Virtue,Artifact,Philosophers Stone,1,1
Instruments of Virtue,Artifact,Torshammar Trinket,3,1
Instruments of Virtue,Artifact,Crown of the Victor,1,3
Instruments of Virtue,Artifact,Screaming Skull,2,3
Instruments of Virtue,Artifact,Chains of Prometheus,2,4
Instruments of Virtue,Minion,Highland Princess,1,2
Instruments of Virtue,Minion,Cerberus in Chains,1,3
Instruments of Virtue,Site,Windmill,3,
Instruments of Virtue,Site,Steppe,3,
Instruments of Virtue,Site,The Colour Out of Space,1,
Instruments of Virtue,Site,Ruins,3,
Instruments of Virtue,Site,Rustic Village,1,
Instruments of Virtue,Site,Simple Village,1,
Instruments of Virtue,Site,Humble Village,1,
Instruments of Virtue,Site,Gothic Tower,1,
Instruments of Virtue,Site,Dark Tower,1,
Instruments of Virtue,Site,Lone Tower,1,
Instruments of Virtue,Site,Mirror Realm,1,
Instruments of Virtue,Site,River of Flame,1,
Instruments of Virtue,Site,Arid Desert,1,
Instruments of Virtue,Site,Red Desert,1,
Instruments of Virtue,Magic,Overpower,4,1
Instruments of Virtue,Magic,Common Sense,2,2
Instruments of Virtue,Magic,Blink,4,2
Instruments of Virtue,Magic,Firebolts,4,2
Instruments of Virtue,Magic,Grapple Shot,4,3
Instruments of Virtue,Magic,Leap Attack,3,4
Instruments of Virtue,Magic,Infiltrate,2,4
Instruments of Virtue,Magic,Poison Nova,3,5
Instruments of Virtue,Magic,Whirling Blades,3,5
Instruments of Virtue,Sideboard,Smokestacks of Gnaak,1,
Instruments of Virtue,Sideboard,Avatar of Earth,1,
Instruments of Virtue,Sideboard,Disenchant,2,2
Instruments of Virtue,Sideboard,Blasted Oak,1,3
Instruments of Virtue,Sideboard,Spin Attack,2,3
Instruments of Virtue,Sideboard,Flaming Sword,3,
Deathspeaker (qchap - Sorcery League 2023 Championship),Avatar,Deathspeaker,1,
Deathspeaker (qchap - Sorcery League 2023 Championship),Artifact,Philosophers Stone,1,1
Deathspeaker (qchap - Sorcery League 2023 Championship),Artifact,Amethyst Core,1,1
Deathspeaker (qchap - Sorcery League 2023 Championship),Artifact,Ruby Core,1,1
Deathspeaker (qchap - Sorcery League 2023 Championship),Artifact,Drums of Doom,1,5
Deathspeaker (qchap - Sorcery League 2023 Championship),Minion,Vile Imp,4,2
Deathspeaker (qchap - Sorcery League 2023 Championship),Minion,Highland Falconer,2,2
Deathspeaker (qchap - Sorcery League 2023 Championship),Minion,Sacred Scarabs,4,2
Deathspeaker (qchap - Sorcery League 2023 Championship),Minion,Highland Princess,1,2
Deathspeaker (qchap - Sorcery League 2023 Championship),Minion,Apprentice Wizard,4,3
Deathspeaker (qchap - Sorcery League 2023 Championship),Minion,Grandmaster Wizard,2,6
Deathspeaker (qchap - Sorcery League 2023 Championship),Minion,Nimbus Jinn,1,6
Deathspeaker (qchap - Sorcery League 2023 Championship),Minion,Death Dealer,1,7
Deathspeaker (qchap - Sorcery League 2023 Championship),Site,Ruins,3,
Deathspeaker (qchap - Sorcery League 2023 Championship),Site,The Geistwood,1,
Deathspeaker (qchap - Sorcery League 2023 Championship),Site,Dark Tower,2,
Deathspeaker (qchap - Sorcery League 2023 Championship),Site,Lone Tower,2,
Deathspeaker (qchap - Sorcery League 2023 Championship),Site,Gothic Tower,2,
Deathspeaker (qchap - Sorcery League 2023 Championship),Site,River of Flame,1,
Deathspeaker (qchap - Sorcery League 2023 Championship),Site,Mirror Realm,1,
Deathspeaker (qchap - Sorcery League 2023 Championship),Site,Remote Desert,3,
Deathspeaker (qchap - Sorcery League 2023 Championship),Site,Observatory,2,
Deathspeaker (qchap - Sorcery League 2023 Championship),Site,Red Desert,2,
Deathspeaker (qchap - Sorcery League 2023 Championship),Site,Vesuvius,1,
Deathspeaker (qchap - Sorcery League 2023 Championship),Magic,Browse,1,1
Deathspeaker (qchap - Sorcery League 2023 Championship),Magic,Blink,2,2
Deathspeaker (qchap - Sorcery League 2023 Championship),Magic,Firebolts,2,2
Deathspeaker (qchap - Sorcery League 2023 Championship),Magic,Pact with the Devil,1,4
Deathspeaker (qchap - Sorcery League 2023 Championship),Magic,Infiltrate,2,4
Deathspeaker (qchap - Sorcery League 2023 Championship),Magic,Poison Nova,2,5
Deathspeaker (qchap - Sorcery League 2023 Championship),Magic,Major Explosion,2,7
Deathspeaker (qchap - Sorcery League 2023 Championship),Aura,Summoning Sphere,2,1
Deathspeaker (qchap - Sorcery League 2023 Championship),Aura,Thunderstorm,3,4
Deathspeaker (qchap - Sorcery League 2023 Championship),Sideboard,Disenchant,2,2
Deathspeaker (qchap - Sorcery League 2023 Championship),Sideboard,Windblast,1,2
Deathspeaker (qchap - Sorcery League 2023 Championship),Sideboard,Lightning Bolt,2,2
Deathspeaker (qchap - Sorcery League 2023 Championship),Sideboard,Askelon Phoenix,1,5
Deathspeaker (qchap - Sorcery League 2023 Championship),Sideboard,Daperyll Vampire,2,5
Deathspeaker (qchap - Sorcery League 2023 Championship),Sideboard,Panorama Manticore,2,5
WARPATH - TOURNEY,Avatar,Pathfinder,1,
WARPATH - TOURNEY,Artifact,Philosophers Stone,1,1
WARPATH - TOURNEY,Minion,Root Spider,3,3
WARPATH - TOURNEY,Minion,Quarrelsome Kobolds,3,3
WARPATH - TOURNEY,Minion,Slumbering Giantess,3,3
WARPATH - TOURNEY,Minion,Hillock Basilisk,3,4
WARPATH - TOURNEY,Minion,Petrosian Cavalry,4,4
WARPATH - TOURNEY,Minion,Pudge Butcher,3,4
WARPATH - TOURNEY,Minion,Askelon Phoenix,2,5
WARPATH - TOURNEY,Minion,Panorama Manticore,2,5
WARPATH - TOURNEY,Minion,Stone-gaze Gorgons,2,5
WARPATH - TOURNEY,Site,Steppe,1,
WARPATH - TOURNEY,Site,Aqueduct,1,
WARPATH - TOURNEY,Site,Oasis,1,
WARPATH - TOURNEY,Site,Ruins,1,
WARPATH - TOURNEY,Site,Bedrock,1,
WARPATH - TOURNEY,Site,Gnome Hollows,1,
WARPATH - TOURNEY,Site,Holy Ground,1,
WARPATH - TOURNEY,Site,Pillar of Zeiros,1,
WARPATH - TOURNEY,Site,Rift Valley,1,
WARPATH - TOURNEY,Site,Humble Village,1,
WARPATH - TOURNEY,Site,Simple Village,1,
WARPATH - TOURNEY,Site,Rustic Village,1,
WARPATH - TOURNEY,Site,River of Flame,1,
WARPATH - TOURNEY,Site,Shifting Sands,1,
WARPATH - TOURNEY,Site,Vesuvius,1,
WARPATH - TOURNEY,Site,Arid Desert,1,
WARPATH - TOURNEY,Site,Red Desert,1,
WARPATH - TOURNEY,Site,Remote Desert,1,
WARPATH - TOURNEY,Site,Crossroads,1,
WARPATH - TOURNEY,Site,Roots of Yggdrasil,1,
WARPATH - TOURNEY,Magic,Firebolts,3,2
WARPATH - TOURNEY,Magic,Scorched Earth,2,3
WARPATH - TOURNEY,Magic,Infiltrate,2,4
WARPATH - TOURNEY,Magic,Earthquake,2,5
WARPATH - TOURNEY,Magic,Major Explosion,2,7
WARPATH - TOURNEY,Magic,Craterize,2,8
WARPATH - TOURNEY,Aura,Entangle Terrain,2,4
WARPATH - TOURNEY,Sideboard,Vaults of Zul,1,
WARPATH - TOURNEY,Sideboard,Common Sense,3,2
WARPATH - TOURNEY,Sideboard,Dispel,1,2
WARPATH - TOURNEY,Sideboard,Bury,2,3
WARPATH - TOURNEY,Sideboard,Heat Ray,1,3
WARPATH - TOURNEY,Sideboard,Royal Bodyguard,2,4
PTG Voidwalk Battlemage,Avatar,Battlemage,1,
PTG Voidwalk Battlemage,Artifact,Amethyst Core,1,1
PTG Voidwalk Battlemage,Artifact,Torshammar Trinket,1,1
PTG Voidwalk Battlemage,Artifact,Truesight Crossbow,1,2
PTG Voidwalk Battlemage,Artifact,Screaming Skull,1,3
PTG Voidwalk Battlemage,Artifact,Crown of the Victor,1,3
PTG Voidwalk Battlemage,Artifact,Seven-League Boots,1,3
PTG Voidwalk Battlemage,Artifact,Flaming Sword,1,4
PTG Voidwalk Battlemage,Artifact,Rolling Boulder,1,4
PTG Voidwalk Battlemage,Minion,Men of Leng,4,2
PTG Voidwalk Battlemage,Minion,Palliburrie Bats,3,2
PTG Voidwalk Battlemage,Minion,Phase Assassin,3,3
PTG Voidwalk Battlemage,Minion,Haast Eagle,3,3
PTG Voidwalk Battlemage,Minion,Gyre Hippogriffs,2,4
PTG Voidwalk Battlemage,Site,Cloud City,1,
PTG Voidwalk Battlemage,Site,Dark Tower,4,
PTG Voidwalk Battlemage,Site,Lone Tower,4,
PTG Voidwalk Battlemage,Site,Gothic Tower,4,
PTG Voidwalk Battlemage,Site,Free City,3,
PTG Voidwalk Battlemage,Site,Mudflow,1,
PTG Voidwalk Battlemage,Site,Updraft Ridge,3,
PTG Voidwalk Battlemage,Magic,Chain Lightning,1,2
PTG Voidwalk Battlemage,Magic,Teleport,2,2
PTG Voidwalk Battlemage,Magic,Lightning Bolt,4,2
PTG Voidwalk Battlemage,Magic,Blink,4,2
PTG Voidwalk Battlemage,Magic,Grapple Shot,4,3
PTG Voidwalk Battlemage,Magic,Flanking Maneuver,1,3
PTG Voidwalk Battlemage,Magic,Whirling Blades,1,5
PTG Voidwalk Battlemage,Sideboard,Avatar of Air,1,
PTG Voidwalk Battlemage,Sideboard,Bottomless Pit,2,3
PTG Voidwalk Battlemage,Sideboard,Angels Egg,2,3
PTG Voidwalk Battlemage,Sideboard,Devils Egg,2,3
PTG Voidwalk Battlemage,Sideboard,Maddening Bells,2,4
PTG Voidwalk Battlemage,Sideboard,Chaos Twister,1,
V3.1 - Swing Hard - Fire/Earth,Avatar,Sorcerer,1,
V3.1 - Swing Hard - Fire/Earth,Artifact,Wings of Invention,3,2
V3.1 - Swing Hard - Fire/Earth,Artifact,Magellan Globe,1,2
V3.1 - Swing Hard - Fire/Earth,Artifact,Gilded Aegis,1,2
V3.1 - Swing Hard - Fire/Earth,Artifact,Screaming Skull,1,3
V3.1 - Swing Hard - Fire/Earth,Artifact,All-terrain Vestments,1,3
V3.1 - Swing Hard - Fire/Earth,Artifact,Mask of Mayhem,1,4
V3.1 - Swing Hard - Fire/Earth,Minion,Wills-o-the-Wisp,1,1
V3.1 - Swing Hard - Fire/Earth,Minion,Frontier Settlers,1,2
V3.1 - Swing Hard - Fire/Earth,Minion,Far East Assassin,1,2
V3.1 - Swing Hard - Fire/Earth,Minion,Wayfaring Pilgrim,2,2
V3.1 - Swing Hard - Fire/Earth,Minion,Autumn Unicorn,3,3
V3.1 - Swing Hard - Fire/Earth,Minion,Albespine Pikemen,3,3
V3.1 - Swing Hard - Fire/Earth,Minion,Tvinnax Berserker,3,4
V3.1 - Swing Hard - Fire/Earth,Minion,Petrosian Cavalry,3,4
V3.1 - Swing Hard - Fire/Earth,Site,Imperial Road,2,
V3.1 - Swing Hard - Fire/Earth,Site,Sinkhole,2,
V3.1 - Swing Hard - Fire/Earth,Site,Mirror Realm,1,
V3.1 - Swing Hard - Fire/Earth,Site,Kingdom of Agartha,1,
V3.1 - Swing Hard - Fire/Earth,Site,Steppe,3,
V3.1 - Swing Hard - Fire/Earth,Site,Mirage,2,
V3.1 - Swing Hard - Fire/Earth,Site,Rift Valley,1,
V3.1 - Swing Hard - Fire/Earth,Site,Vaults of Zul,1,
V3.1 - Swing Hard - Fire/Earth,Site,Primordial Spring,1,
V3.1 - Swing Hard - Fire/Earth,Site,Boneyard,1,
V3.1 - Swing Hard - Fire/Earth,Site,River of Flame,1,
V3.1 - Swing Hard - Fire/Earth,Site,Mudflow,2,
V3.1 - Swing Hard - Fire/Earth,Site,Dwarven Forge,1,
V3.1 - Swing Hard - Fire/Earth,Site,Quagmire,1,
V3.1 - Swing Hard - Fire/Earth,Magic,Call to War,2,2
V3.1 - Swing Hard - Fire/Earth,Magic,Critical Strike,1,2
V3.1 - Swing Hard - Fire/Earth,Magic,Mad Dash,1,2
V3.1 - Swing Hard - Fire/Earth,Magic,Unravel,2,2
V3.1 - Swing Hard - Fire/Earth,Magic,Dispel,1,2
V3.1 - Swing Hard - Fire/Earth,Magic,Common Sense,1,2
V3.1 - Swing Hard - Fire/Earth,Magic,Blaze,2,3
V3.1 - Swing Hard - Fire/Earth,Magic,Scorched Earth,1,3
V3.1 - Swing Hard - Fire/Earth,Magic,Heat Ray,3,3
V3.1 - Swing Hard - Fire/Earth,Aura,Jihad,1,2
V3.1 - Swing Hard - Fire/Earth,Sideboard,Seer,1,
V3.1 - Swing Hard - Fire/Earth,Sideboard,Wills-o-the-Wisp,1,1
V3.1 - Swing Hard - Fire/Earth,Sideboard,Scent Hounds,4,2
V3.1 - Swing Hard - Fire/Earth,Sideboard,Common Sense,2,2
V3.1 - Swing Hard - Fire/Earth,Sideboard,Earthquake,2,5
Pathfinder Air/Earth,Avatar,Pathfinder,1,
Pathfinder Air/Earth,Artifact,Amethyst Core,1,1
Pathfinder Air/Earth,Artifact,Onyx Core,1,1
Pathfinder Air/Earth,Artifact,Philosophers Stone,1,1
Pathfinder Air/Earth,Minion,Highland Princess,1,2
Pathfinder Air/Earth,Minion,Grim Reaper,1,2
Pathfinder Air/Earth,Minion,Bosk Troll,3,2
Pathfinder Air/Earth,Minion,Apprentice Wizard,3,3
Pathfinder Air/Earth,Minion,Root Spider,3,3
Pathfinder Air/Earth,Minion,Pudge Butcher,2,4
Pathfinder Air/Earth,Minion,Skirmishers of Mu,2,4
Pathfinder Air/Earth,Minion,Royal Bodyguard,2,4
Pathfinder Air/Earth,Minion,Queen of Midland,1,5
Pathfinder Air/Earth,Minion,Atlas Wanderers,1,5
Pathfinder Air/Earth,Minion,Stone-gaze Gorgons,1,5
Pathfinder Air/Earth,Minion,Grandmaster Wizard,1,6
Pathfinder Air/Earth,Minion,Wraetannis Titan,1,7
Pathfinder Air/Earth,Minion,Highland Clansmen,2,7
Pathfinder Air/Earth,Minion,Conqueror Worm,1,8
Pathfinder Air/Earth,Site,Cloud City,1,
Pathfinder Air/Earth,Site,Dark Tower,1,
Pathfinder Air/Earth,Site,Gothic Tower,1,
Pathfinder Air/Earth,Site,Lone Tower,1,
Pathfinder Air/Earth,Site,Windmill,1,
Pathfinder Air/Earth,Site,Holy Ground,1,
Pathfinder Air/Earth,Site,Pillar of Zeiros,1,
Pathfinder Air/Earth,Site,Observatory,1,
Pathfinder Air/Earth,Site,Humble Village,1,
Pathfinder Air/Earth,Site,Rustic Village,1,
Pathfinder Air/Earth,Site,Simple Village,1,
Pathfinder Air/Earth,Site,Rift Valley,1,
Pathfinder Air/Earth,Site,Mountain Pass,1,
Pathfinder Air/Earth,Site,Secret Tunnel,1,
Pathfinder Air/Earth,Site,Watchtower,1,
Pathfinder Air/Earth,Site,Vantage Hills,1,
Pathfinder Air/Earth,Site,Bedrock,1,
Pathfinder Air/Earth,Site,Gnome Hollows,1,
Pathfinder Air/Earth,Site,Mirror Realm,1,
Pathfinder Air/Earth,Site,Lighthouse,1,
Pathfinder Air/Earth,Magic,Blink,3,2
Pathfinder Air/Earth,Magic,Dispel,1,2
Pathfinder Air/Earth,Magic,Grapple Shot,2,3
Pathfinder Air/Earth,Magic,Unlikely Alliance,1,4
Pathfinder Air/Earth,Magic,Chaos Twister,2,4
Pathfinder Air/Earth,Magic,Gigantism,1,4
Pathfinder Air/Earth,Magic,Earthquake,2,5
Pathfinder Air/Earth,Sideboard,Sinkhole,1,
Pathfinder Air/Earth,Sideboard,Divine Healing,3,1
Pathfinder Air/Earth,Sideboard,Angels Egg,2,3
Pathfinder Air/Earth,Sideboard,Shield Maidens,1,3
Pathfinder Air/Earth,Sideboard,Daperyll Vampire,3,
VoidFinder,Avatar,Pathfinder,1,
VoidFinder,Artifact,Kythera Mechanism,1,1
VoidFinder,Artifact,Mix Aer,2,1
VoidFinder,Artifact,Magellan Globe,2,2
VoidFinder,Minion,Vril Revenant,2,2
VoidFinder,Minion,Grim Reaper,1,2
VoidFinder,Minion,Highland Princess,1,2
VoidFinder,Minion,Headless Haunt,3,3
VoidFinder,Minion,Phase Assassin,2,3
VoidFinder,Minion,Hounds of Ondaros,2,5
VoidFinder,Minion,Daperyll Vampire,2,5
VoidFinder,Minion,Ghost Ship,2,6
VoidFinder,Minion,Grandmaster Wizard,2,6
VoidFinder,Minion,Sky Baron,2,6
VoidFinder,Minion,Ultimate Horror,1,8
VoidFinder,Minion,Lord of the Void,1,9
VoidFinder,Site,Cloud City,1,
VoidFinder,Site,Dark Tower,1,
VoidFinder,Site,Gothic Tower,1,
VoidFinder,Site,Lighthouse,1,
VoidFinder,Site,Lone Tower,1,
VoidFinder,Site,Mountain Pass,1,
VoidFinder,Site,Observatory,1,
VoidFinder,Site,Updraft Ridge,1,
VoidFinder,Site,Watchtower,1,
VoidFinder,Site,Ruins,1,
VoidFinder,Site,Windmill,1,
VoidFinder,Site,Autumn River,1,
VoidFinder,Site,Floodplain,1,
VoidFinder,Site,Spring River,1,
VoidFinder,Site,Summer River,1,
VoidFinder,Site,Winter River,1,
VoidFinder,Site,Astral Alcazar,1,
VoidFinder,Site,Crossroads,1,
VoidFinder,Site,Mirror Realm,1,
VoidFinder,Site,Dome of Osiros,1,
VoidFinder,Magic,Browse,1,1
VoidFinder,Magic,Blink,3,2
VoidFinder,Magic,Lightning Bolt,2,2
VoidFinder,Magic,Chain Lightning,1,2
VoidFinder,Magic,Grapple Shot,2,3
VoidFinder,Magic,Chaos Twister,2,4
VoidFinder,Aura,Thunderstorm,3,4
VoidFinder,Sideboard,Seer,1,
VoidFinder,Sideboard,Roots of Yggdrasil,1,
VoidFinder,Sideboard,Sinkhole,2,
VoidFinder,Sideboard,Disenchant,2,2
VoidFinder,Sideboard,Geyser,2,2
VoidFinder,Sideboard,Atlantean Fate,1,5
VoidFinder,Sideboard,Pendulum of Peril,1,6
Mist,Avatar,Battlemage,1,
Mist,Artifact,Amethyst Core,1,1
Mist,Artifact,Aquamarine Core,1,1
Mist,Artifact,Philosophers Stone,1,1
Mist,Artifact,Flaming Sword,3,4
Mist,Minion,Sling Pixies,3,1
Mist,Minion,Grim Reaper,1,2
Mist,Minion,Polar Explorers,2,2
Mist,Minion,Spectral Stalker,4,2
Mist,Minion,Phase Assassin,3,3
Mist,Minion,Ruler of Thul,1,4
Mist,Minion,Selfsame Simulacrum,2,4
Mist,Minion,Hounds of Ondaros,2,5
Mist,Minion,Seirawan Hydra,2,6
Mist,Site,Crossroads,1,
Mist,Site,Mirror Realm,1,
Mist,Site,Autumn River,2,
Mist,Site,Cloud City,1,
Mist,Site,Dark Tower,1,
Mist,Site,Gothic Tower,1,
Mist,Site,Lighthouse,3,
Mist,Site,Lone Tower,1,
Mist,Site,Observatory,1,
Mist,Site,Pristine Paradise,1,
Mist,Site,The Colour Out of Space,1,
Mist,Site,Dome of Osiros,1,
Mist,Site,Astral Alcazar,2,
Mist,Site,Tadpole Pool,1,
Mist,Site,Floodplain,2,
Mist,Magic,Browse,1,1
Mist,Magic,Shrink,2,1
Mist,Magic,Lightning Bolt,3,2
Mist,Magic,Pollimorph,2,2
Mist,Magic,Blink,2,2
Mist,Magic,Grapple Shot,4,
Battle Beasts,Avatar,Sorcerer,1,
Battle Beasts,Artifact,Aquamarine Core,1,1
Battle Beasts,Artifact,Onyx Core,1,1
Battle Beasts,Artifact,Philosophers Stone,1,1
Battle Beasts,Artifact,Pnakotic Manuscript,1,2
Battle Beasts,Artifact,Rolling Boulder,3,4
Battle Beasts,Minion,Blood Ravens,4,1
Battle Beasts,Minion,Pit Vipers,3,1
Battle Beasts,Minion,Porcupine Pufferfish,4,1
Battle Beasts,Minion,Sedge Crabs,2,1
Battle Beasts,Minion,Men of Leng,3,2
Battle Beasts,Minion,Sacred Scarabs,4,2
Battle Beasts,Minion,Grim Reaper,1,2
Battle Beasts,Minion,Queen of Midland,1,5
Battle Beasts,Minion,Mother Nature,1,6
Battle Beasts,Site,Aqueduct,3,
Battle Beasts,Site,Free City,3,
Battle Beasts,Site,Great Wall,1,
Battle Beasts,Site,Lighthouse,3,
Battle Beasts,Site,Oasis,3,
Battle Beasts,Site,Pillar of Zeiros,1,
Battle Beasts,Site,Pristine Paradise,1,
Battle Beasts,Site,Windmill,3,
Battle Beasts,Site,Steppe,2,
Battle Beasts,Magic,Assorted Animals,2,
Battle Beasts,Magic,Bury,2,3
Battle Beasts,Magic,Grapple Shot,4,3
Battle Beasts,Aura,Abundance,2,5
Battle Beasts,Sideboard,Dodge Roll,3,
Battle Beasts,Sideboard,Ruby Core,1,1
Battle Beasts,Sideboard,Amethyst Core,1,1
Battle Beasts,Sideboard,Divine Healing,3,1
Battle Beasts,Sideboard,Chaos Twister,2,4
DeathSpeaking,Avatar,Deathspeaker,1,
DeathSpeaking,Artifact,Philosophers Stone,1,1
DeathSpeaking,Artifact,Ruby Core,1,1
DeathSpeaking,Artifact,Amethyst Core,1,1
DeathSpeaking,Minion,Sacred Scarabs,4,2
DeathSpeaking,Minion,Vile Imp,4,2
DeathSpeaking,Minion,Highland Falconer,2,2
DeathSpeaking,Minion,Land Surveyor,2,2
DeathSpeaking,Minion,Highland Princess,1,2
DeathSpeaking,Minion,Seasoned Sellsword,1,2
DeathSpeaking,Minion,Apprentice Wizard,4,3
DeathSpeaking,Minion,Grandmaster Wizard,2,6
DeathSpeaking,Minion,Death Dealer,1,7
DeathSpeaking,Site,Ruins,3,
DeathSpeaking,Site,Arid Desert,1,
DeathSpeaking,Site,Remote Desert,1,
DeathSpeaking,Site,Red Desert,1,
DeathSpeaking,Site,Lone Tower,1,
DeathSpeaking,Site,Gothic Tower,1,
DeathSpeaking,Site,Dark Tower,1,
DeathSpeaking,Site,Steppe,3,
DeathSpeaking,Site,The Geistwood,1,
DeathSpeaking,Site,Windmill,3,
DeathSpeaking,Site,Observatory,2,
DeathSpeaking,Site,Crossroads,2,
DeathSpeaking,Magic,Browse,1,1
DeathSpeaking,Magic,Firebolts,2,2
DeathSpeaking,Magic,Blink,2,2
DeathSpeaking,Magic,Common Sense,2,2
DeathSpeaking,Magic,Disenchant,1,2
DeathSpeaking,Magic,Pact with the Devil,1,4
DeathSpeaking,Magic,Poison Nova,1,5
DeathSpeaking,Magic,Major Explosion,2,7
DeathSpeaking,Aura,Summoning Sphere,2,1
DeathSpeaking,Aura,Thunderstorm,2,4
DeathSpeaking,Sideboard,Boneyard,1,1
DeathSpeaking,Sideboard,Mix Terra,1,1
DeathSpeaking,Sideboard,Mix Aer,1,1
DeathSpeaking,Sideboard,Mix Ignis,1,1
DeathSpeaking,Sideboard,Minor Explosion,2,3
DeathSpeaking,Sideboard,Disintegrate,1,3
DeathSpeaking,Sideboard,Doomsday Device,1,4
DeathSpeaking,Sideboard,Nimbus Jinn,1,6
DeathSpeaking,Sideboard,Wraetannis Titan,1,7
Full Sprint Battlemage (3 Color),Avatar,Battlemage,1,
Full Sprint Battlemage (3 Color),Artifact,Amethyst Core,1,1
Full Sprint Battlemage (3 Color),Artifact,Onyx Core,1,1
Full Sprint Battlemage (3 Color),Artifact,Ruby Core,1,1
Full Sprint Battlemage (3 Color),Artifact,Torshammar Trinket,2,1
Full Sprint Battlemage (3 Color),Artifact,Philosophers Stone,1,1
Full Sprint Battlemage (3 Color),Artifact,Truesight Crossbow,2,2
Full Sprint Battlemage (3 Color),Artifact,Poisonous Dagger,1,2
Full Sprint Battlemage (3 Color),Artifact,Screaming Skull,2,3
Full Sprint Battlemage (3 Color),Artifact,Flaming Sword,3,4
Full Sprint Battlemage (3 Color),Artifact,Chains of Prometheus,1,4
Full Sprint Battlemage (3 Color),Minion,Cerberus in Chains,1,3
Full Sprint Battlemage (3 Color),Site,Dark Tower,1,
Full Sprint Battlemage (3 Color),Site,Gothic Tower,1,
Full Sprint Battlemage (3 Color),Site,Imperial Road,2,
Full Sprint Battlemage (3 Color),Site,Lone Tower,1,
Full Sprint Battlemage (3 Color),Site,Ruins,3,
Full Sprint Battlemage (3 Color),Site,Steppe,3,
Full Sprint Battlemage (3 Color),Site,Windmill,3,
Full Sprint Battlemage (3 Color),Site,Dwarven Forge,2,
Full Sprint Battlemage (3 Color),Site,Smokestacks of Gnaak,1,
Full Sprint Battlemage (3 Color),Site,Observatory,2,
Full Sprint Battlemage (3 Color),Site,The Colour Out of Space,1,
Full Sprint Battlemage (3 Color),Magic,Overpower,3,1
Full Sprint Battlemage (3 Color),Magic,Blink,4,2
Full Sprint Battlemage (3 Color),Magic,Teleport,1,2
Full Sprint Battlemage (3 Color),Magic,Critical Strike,3,2
Full Sprint Battlemage (3 Color),Magic,Common Sense,4,2
Full Sprint Battlemage (3 Color),Magic,Lightning Bolt,1,2
Full Sprint Battlemage (3 Color),Magic,Grapple Shot,4,3
Full Sprint Battlemage (3 Color),Magic,Blaze,1,3
Full Sprint Battlemage (3 Color),Magic,Minor Explosion,1,3
Full Sprint Battlemage (3 Color),Magic,Leap Attack,2,4
Full Sprint Battlemage (3 Color),Sideboard,Telekinesis,1,1
Full Sprint Battlemage (3 Color),Sideboard,Divine Healing,2,1
Full Sprint Battlemage (3 Color),Sideboard,Disenchant,1,2
Full Sprint Battlemage (3 Color),Sideboard,Font of Life,1,3
Full Sprint Battlemage (3 Color),Sideboard,Bury,1,3
Full Sprint Battlemage (3 Color),Sideboard,Drown,1,3
Full Sprint Battlemage (3 Color),Sideboard,Infiltrate,2,4
Full Sprint Battlemage (3 Color),Sideboard,Poison Nova,1,
Earth Air,Avatar,Avatar of Earth,1,
Earth Air,Artifact,Onyx Core,1,1
Earth Air,Artifact,Amethyst Core,1,1
Earth Air,Minion,Autumn Unicorn,3,3
Earth Air,Minion,Root Spider,3,3
Earth Air,Minion,Pudge Butcher,3,4
Earth Air,Minion,Royal Bodyguard,2,4
Earth Air,Minion,Dalcean Phalanx,3,4
Earth Air,Minion,Atlas Wanderers,2,5
Earth Air,Site,Humble Village,2,
Earth Air,Site,Rustic Village,2,
Earth Air,Site,Simple Village,1,
Earth Air,Site,Windmill,3,
Earth Air,Site,Holy Ground,3,
Earth Air,Site,Dark Tower,1,
Earth Air,Site,Gothic Tower,1,
Earth Air,Site,Lone Tower,1,
Earth Air,Site,Rift Valley,2,
Earth Air,Site,Pillar of Zeiros,1,
Earth Air,Site,Quagmire,3,
Earth Air,Magic,Divine Healing,3,1
Earth Air,Magic,Lightning Bolt,1,2
Earth Air,Magic,Dispel,1,2
Earth Air,Magic,Blink,4,2
Earth Air,Magic,Common Sense,1,2
Earth Air,Magic,Grapple Shot,4,3
Earth Air,Magic,Bury,4,3
Earth Air,Magic,Gigantism,1,4
Earth Air,Magic,Earthquake,2,5
Earth Air,Magic,Whirling Blades,1,5
Earth Air,Sideboard,Dispel,2,2
Earth Air,Sideboard,Dwarven Digging Team,3,2
Earth Air,Sideboard,Shield Maidens,3,3
Earth Air,Sideboard,Hounds of Ondaros,2,
voltron,Avatar,Battlemage,1,
voltron,Artifact,Philosophers Stone,1,1
voltron,Artifact,Amethyst Core,1,1
voltron,Artifact,Onyx Core,1,1
voltron,Artifact,Ruby Core,1,1
voltron,Artifact,Crown of the Victor,1,3
voltron,Artifact,Screaming Skull,2,3
voltron,Artifact,Seven-League Boots,1,3
voltron,Artifact,Chains of Prometheus,1,4
voltron,Minion,Cerberus in Chains,1,3
voltron,Minion,Petrosian Cavalry,1,4
voltron,Site,Windmill,3,
voltron,Site,Ruins,3,
voltron,Site,Observatory,2,
voltron,Site,Pillar of Zeiros,1,
voltron,Site,Mirror Realm,1,
voltron,Site,Primordial Spring,2,
voltron,Site,Steppe,3,
voltron,Site,The Colour Out of Space,1,
voltron,Site,Holy Ground,1,
voltron,Site,Vesuvius,1,
voltron,Site,River of Flame,1,
voltron,Site,Smokestacks of Gnaak,1,
voltron,Magic,Overpower,1,1
voltron,Magic,Divine Healing,3,1
voltron,Magic,Critical Strike,2,2
voltron,Magic,Blink,4,2
voltron,Magic,Teleport,1,2
voltron,Magic,Common Sense,4,2
voltron,Magic,Mad Dash,1,2
voltron,Magic,Lightning Bolt,2,2
voltron,Magic,Grapple Shot,4,3
voltron,Magic,Spin Attack,1,3
voltron,Magic,Gigantism,1,4
voltron,Magic,Chaos Twister,2,4
voltron,Aura,Thunderstorm,2,4
voltron,Sideboard,Dispel,1,2
voltron,Sideboard,Root Spider,2,3
voltron,Sideboard,Bury,1,3
voltron,Sideboard,Wicked Witch,2,4
voltron,Sideboard,Pact with the Devil,1,4
voltron,Sideboard,Poison Nova,1,5
voltron,Sideboard,Earthquake,2,5
EF Scorched Earth Rebirth,Avatar,Deathspeaker,1,
EF Scorched Earth Rebirth,Artifact,Onyx Core,1,1
EF Scorched Earth Rebirth,Artifact,Ruby Core,1,1
EF Scorched Earth Rebirth,Artifact,Philosophers Stone,1,1
EF Scorched Earth Rebirth,Minion,Land Surveyor,4,2
EF Scorched Earth Rebirth,Minion,Miracle Workers,4,2
EF Scorched Earth Rebirth,Minion,Vile Imp,4,2
EF Scorched Earth Rebirth,Minion,Cauldron Crones,2,3
EF Scorched Earth Rebirth,Minion,Squirming Mass,2,3
EF Scorched Earth Rebirth,Minion,Bane Widow,2,4
EF Scorched Earth Rebirth,Minion,Courtesan Thais,1,5
EF Scorched Earth Rebirth,Minion,Death Dealer,1,7
EF Scorched Earth Rebirth,Minion,Wraetannis Titan,1,7
EF Scorched Earth Rebirth,Site,Gnome Hollows,2,
EF Scorched Earth Rebirth,Site,Holy Ground,2,
EF Scorched Earth Rebirth,Site,Pillar of Zeiros,1,
EF Scorched Earth Rebirth,Site,Red Desert,1,
EF Scorched Earth Rebirth,Site,River of Flame,1,
EF Scorched Earth Rebirth,Site,Quagmire,2,
EF Scorched Earth Rebirth,Site,Remote Desert,1,
EF Scorched Earth Rebirth,Site,Vesuvius,1,
EF Scorched Earth Rebirth,Site,Steppe,3,
EF Scorched Earth Rebirth,Site,Mirage,1,
EF Scorched Earth Rebirth,Site,Mirror Realm,1,
EF Scorched Earth Rebirth,Site,The Geistwood,1,
EF Scorched Earth Rebirth,Site,The Colour Out of Space,1,
EF Scorched Earth Rebirth,Site,Pristine Paradise,1,
EF Scorched Earth Rebirth,Site,Arid Desert,1,
EF Scorched Earth Rebirth,Magic,Divine Healing,2,1
EF Scorched Earth Rebirth,Magic,Dispel,2,2
EF Scorched Earth Rebirth,Magic,Bury,2,3
EF Scorched Earth Rebirth,Magic,Minor Explosion,2,3
EF Scorched Earth Rebirth,Magic,Heat Ray,2,3
EF Scorched Earth Rebirth,Magic,Cave-In,2,4
EF Scorched Earth Rebirth,Magic,Infiltrate,2,4
EF Scorched Earth Rebirth,Magic,Pact with the Devil,1,4
EF Scorched Earth Rebirth,Magic,Craterize,2,8
EF Scorched Earth Rebirth,Aura,Jihad,1,2
EF Scorched Earth Rebirth,Sideboard,Mudflow,2,
EF Scorched Earth Rebirth,Sideboard,Sinkhole,2,
EF Scorched Earth Rebirth,Sideboard,Dispel,2,2
EF Scorched Earth Rebirth,Sideboard,Boil,2,3
EF Scorched Earth Rebirth,Sideboard,Drought,2,4
All trebuchets are catapults but not all catapults are trebuchets,Avatar,Seer,1,
All trebuchets are catapults but not all catapults are trebuchets,Artifact,Ruby Core,1,1
All trebuchets are catapults but not all catapults are trebuchets,Artifact,Mix Ignis,2,1
All trebuchets are catapults but not all catapults are trebuchets,Artifact,Angels Egg,2,3
All trebuchets are catapults but not all catapults are trebuchets,Artifact,Devils Egg,1,3
All trebuchets are catapults but not all catapults are trebuchets,Artifact,Maddening Bells,2,4
All trebuchets are catapults but not all catapults are trebuchets,Artifact,Chains of Prometheus,2,4
All trebuchets are catapults but not all catapults are trebuchets,Artifact,Payload Trebuchet,2,5
All trebuchets are catapults but not all catapults are trebuchets,Artifact,Spear of Destiny,1,5
All trebuchets are catapults but not all catapults are trebuchets,Artifact,Pendulum of Peril,1,6
All trebuchets are catapults but not all catapults are trebuchets,Artifact,Purge Juggernaut,2,6
All trebuchets are catapults but not all catapults are trebuchets,Artifact,Undertaker Engine,2,7
All trebuchets are catapults but not all catapults are trebuchets,Minion,Pit Vipers,3,1
All trebuchets are catapults but not all catapults are trebuchets,Minion,Seasoned Sellsword,2,2
All trebuchets are catapults but not all catapults are trebuchets,Minion,Vile Imp,4,2
All trebuchets are catapults but not all catapults are trebuchets,Minion,Far East Assassin,2,2
All trebuchets are catapults but not all catapults are trebuchets,Minion,Grosse Poltergeist,2,3
All trebuchets are catapults but not all catapults are trebuchets,Minion,Scavenging Fiend,3,4
All trebuchets are catapults but not all catapults are trebuchets,Minion,Death Dealer,1,7
All trebuchets are catapults but not all catapults are trebuchets,Site,Battlefield,2,
All trebuchets are catapults but not all catapults are trebuchets,Site,Crossroads,2,
All trebuchets are catapults but not all catapults are trebuchets,Site,River of Flame,1,
All trebuchets are catapults but not all catapults are trebuchets,Site,Mirror Realm,1,
All trebuchets are catapults but not all catapults are trebuchets,Site,Vesuvius,1,
All trebuchets are catapults but not all catapults are trebuchets,Site,Arid Desert,1,
All trebuchets are catapults but not all catapults are trebuchets,Site,Red Desert,1,
All trebuchets are catapults but not all catapults are trebuchets,Site,Remote Desert,1,
All trebuchets are catapults but not all catapults are trebuchets,Site,Dwarven Forge,2,
All trebuchets are catapults but not all catapults are trebuchets,Site,Sinkhole,2,
All trebuchets are catapults but not all catapults are trebuchets,Site,Roots of Yggdrasil,1,
All trebuchets are catapults but not all catapults are trebuchets,Site,Dome of Osiros,1,
All trebuchets are catapults but not all catapults are trebuchets,Site,Boneyard,1,
All trebuchets are catapults but not all catapults are trebuchets,Site,Oasis,3,
All trebuchets are catapults but not all catapults are trebuchets,Magic,Infiltrate,2,4
All trebuchets are catapults but not all catapults are trebuchets,Magic,Poison Nova,1,5
All trebuchets are catapults but not all catapults are trebuchets,Magic,Major Explosion,2,7
All trebuchets are catapults but not all catapults are trebuchets,Sideboard,Smokestacks of Gnaak,1,
All trebuchets are catapults but not all catapults are trebuchets,Sideboard,Swiven Scout,2,2
All trebuchets are catapults but not all catapults are trebuchets,Sideboard,Firebolts,2,2
All trebuchets are catapults but not all catapults are trebuchets,Sideboard,Iron Shackles,2,3
All trebuchets are catapults but not all catapults are trebuchets,Sideboard,Scorched Earth,2,3
All trebuchets are catapults but not all catapults are trebuchets,Sideboard,All-terrain Vestments,1,3
Avatar of Earth,Avatar,Avatar of Earth,1,
Avatar of Earth,Artifact,Amethyst Core,1,1
Avatar of Earth,Artifact,Onyx Core,1,1
Avatar of Earth,Artifact,Mix Terra,2,1
Avatar of Earth,Artifact,Screaming Skull,1,3
Avatar of Earth,Minion,Land Surveyor,3,2
Avatar of Earth,Minion,Root Spider,3,3
Avatar of Earth,Minion,Autumn Unicorn,3,3
Avatar of Earth,Minion,Royal Bodyguard,2,4
Avatar of Earth,Minion,Dalcean Phalanx,3,4
Avatar of Earth,Minion,Pudge Butcher,3,4
Avatar of Earth,Minion,Atlas Wanderers,2,5
Avatar of Earth,Minion,Mountain Giant,1,8
Avatar of Earth,Site,Dark Tower,1,
Avatar of Earth,Site,Gothic Tower,1,
Avatar of Earth,Site,Lone Tower,1,
Avatar of Earth,Site,Simple Village,3,
Avatar of Earth,Site,Humble Village,2,
Avatar of Earth,Site,Windmill,3,
Avatar of Earth,Site,Rift Valley,2,
Avatar of Earth,Site,Quagmire,2,
Avatar of Earth,Site,Pillar of Zeiros,1,
Avatar of Earth,Site,Rustic Village,2,
Avatar of Earth,Site,Holy Ground,2,
Avatar of Earth,Magic,Divine Healing,2,1
Avatar of Earth,Magic,Blink,4,2
Avatar of Earth,Magic,Bury,2,3
Avatar of Earth,Magic,Grapple Shot,4,3
Avatar of Earth,Magic,Flanking Maneuver,1,3
Avatar of Earth,Magic,Earthquake,2,5
Avatar of Earth,Sideboard,Sinkhole,2,
Avatar of Earth,Sideboard,Quagmire,1,
Avatar of Earth,Sideboard,Shield Maidens,2,3
Avatar of Earth,Sideboard,Bury,2,3
Avatar of Earth,Sideboard,Daperyll Vampire,3,
Again and Again,Avatar,Deathspeaker,1,
Again and Again,Artifact,Amethyst Core,1,1
Again and Again,Artifact,Ruby Core,1,1
Again and Again,Artifact,Onyx Core,1,1
Again and Again,Artifact,Poisonous Dagger,1,2
Again and Again,Minion,Sling Pixies,4,1
Again and Again,Minion,Vile Imp,4,2
Again and Again,Minion,Sacred Scarabs,3,2
Again and Again,Minion,Land Surveyor,4,2
Again and Again,Minion,Apprentice Wizard,3,3
Again and Again,Minion,Squirming Mass,1,3
Again and Again,Minion,Nimbus Jinn,2,6
Again and Again,Minion,Grandmaster Wizard,2,6
Again and Again,Minion,Death Dealer,1,7
Again and Again,Minion,Wraetannis Titan,1,7
Again and Again,Site,Dark Tower,1,
Again and Again,Site,Gothic Tower,1,
Again and Again,Site,Lone Tower,1,
Again and Again,Site,Ruins,3,
Again and Again,Site,Steppe,3,
Again and Again,Site,Windmill,3,
Again and Again,Site,Rustic Village,2,
Again and Again,Site,River of Flame,1,
Again and Again,Site,Pristine Paradise,1,
Again and Again,Site,Red Desert,2,
Again and Again,Site,Boneyard,1,
Again and Again,Site,Mirror Realm,1,
Again and Again,Magic,Lightning Bolt,3,2
Again and Again,Magic,Chain Lightning,3,2
Again and Again,Magic,Poison Nova,3,5
Again and Again,Aura,Summoning Sphere,1,1
Again and Again,Aura,Thunderstorm,1,4
Again and Again,Sideboard,Quagmire,1,
Again and Again,Sideboard,Divine Healing,1,1
Again and Again,Sideboard,Disenchant,1,2
Again and Again,Sideboard,Truesight Crossbow,1,2
Again and Again,Sideboard,Exorcism,1,2
Again and Again,Sideboard,Scarecrow,1,2
Again and Again,Sideboard,Sirian Templar,1,3
Again and Again,Sideboard,Infiltrate,2,4
Again and Again,Sideboard,Wraetannis Titan,1,7
Deck for 1st Tourney,Avatar,Sorcerer,1,
Deck for 1st Tourney,Artifact,Amethyst Core,1,1
Deck for 1st Tourney,Artifact,Poisonous Dagger,1,2
Deck for 1st Tourney,Artifact,Spear of Destiny,1,5
Deck for 1st Tourney,Minion,Cloud Spirit,2,2
Deck for 1st Tourney,Minion,Vile Imp,2,2
Deck for 1st Tourney,Minion,Sirocco Scorpions,1,2
Deck for 1st Tourney,Minion,Spectral Stalker,2,2
Deck for 1st Tourney,Minion,Apprentice Wizard,3,3
Deck for 1st Tourney,Minion,Ogre Goons,2,3
Deck for 1st Tourney,Minion,Bane Widow,1,4
Deck for 1st Tourney,Minion,Sand Worm,1,4
Deck for 1st Tourney,Minion,Roaming Monster,1,5
Deck for 1st Tourney,Minion,Highland Clansmen,2,7
Deck for 1st Tourney,Minion,Ancient Dragon,2,7
Deck for 1st Tourney,Site,Cloud City,1,
Deck for 1st Tourney,Site,Dark Tower,2,
Deck for 1st Tourney,Site,Gothic Tower,2,
Deck for 1st Tourney,Site,Lone Tower,1,
Deck for 1st Tourney,Site,The Colour Out of Space,1,
Deck for 1st Tourney,Site,Updraft Ridge,1,
Deck for 1st Tourney,Site,Observatory,1,
Deck for 1st Tourney,Site,Mountain Pass,1,
Deck for 1st Tourney,Site,Arid Desert,2,
Deck for 1st Tourney,Site,Red Desert,2,
Deck for 1st Tourney,Site,Remote Desert,2,
Deck for 1st Tourney,Site,Ruins,3,
Deck for 1st Tourney,Site,Shifting Sands,1,
Deck for 1st Tourney,Magic,Blink,2,2
Deck for 1st Tourney,Magic,Lightning Bolt,3,2
Deck for 1st Tourney,Magic,Firebolts,3,2
Deck for 1st Tourney,Magic,Critical Strike,1,2
Deck for 1st Tourney,Magic,Heat Ray,2,3
Deck for 1st Tourney,Magic,Minor Explosion,2,3
Deck for 1st Tourney,Magic,Fireball,2,4
Deck for 1st Tourney,Magic,Whirling Blades,1,5
Deck for 1st Tourney,Aura,Wall of Fire,1,2
Deck for 1st Tourney,Aura,Thunderstorm,1,4
Deck for 1st Tourney,Sideboard,Mix Aer,2,1
Deck for 1st Tourney,Sideboard,Mortality,1,2
Deck for 1st Tourney,Sideboard,Scarecrow,1,2
Deck for 1st Tourney,Sideboard,Phase Assassin,1,3
Deck for 1st Tourney,Sideboard,Drought,1,4
Deck for 1st Tourney,Sideboard,Hounds of Ondaros,1,5
Deck for 1st Tourney,Sideboard,Puppet Master,1,6
Deck for 1st Tourney,Sideboard,Ultimate Horror,1,8
Deck for 1st Tourney,Sideboard,Lord of the Void,1,9
Battlemage- Lover of Loot,Avatar,Battlemage,1,
Battlemage- Lover of Loot,Artifact,Amethyst Core,1,1
Battlemage- Lover of Loot,Artifact,Onyx Core,1,1
Battlemage- Lover of Loot,Artifact,Philosophers Stone,1,1
Battlemage- Lover of Loot,Artifact,Ruby Core,1,1
Battlemage- Lover of Loot,Artifact,Torshammar Trinket,1,1
Battlemage- Lover of Loot,Artifact,Poisonous Dagger,1,2
Battlemage- Lover of Loot,Artifact,Truesight Crossbow,2,2
Battlemage- Lover of Loot,Artifact,Screaming Skull,2,3
Battlemage- Lover of Loot,Artifact,Crown of the Victor,1,3
Battlemage- Lover of Loot,Artifact,Chains of Prometheus,1,4
Battlemage- Lover of Loot,Artifact,Flaming Sword,2,4
Battlemage- Lover of Loot,Artifact,Rolling Boulder,1,4
Battlemage- Lover of Loot,Minion,Spectral Stalker,2,2
Battlemage- Lover of Loot,Minion,Cerberus in Chains,1,3
Battlemage- Lover of Loot,Minion,Gyre Hippogriffs,2,4
Battlemage- Lover of Loot,Minion,Daperyll Vampire,3,5
Battlemage- Lover of Loot,Site,Dark Tower,2,
Battlemage- Lover of Loot,Site,Imperial Road,2,
Battlemage- Lover of Loot,Site,Lone Tower,1,
Battlemage- Lover of Loot,Site,Observatory,2,
Battlemage- Lover of Loot,Site,Ruins,3,
Battlemage- Lover of Loot,Site,Smokestacks of Gnaak,1,
Battlemage- Lover of Loot,Site,Gothic Tower,1,
Battlemage- Lover of Loot,Site,Arid Desert,4,
Battlemage- Lover of Loot,Site,Shifting Sands,1,
Battlemage- Lover of Loot,Site,Cloud City,1,
Battlemage- Lover of Loot,Site,Free City,1,
Battlemage- Lover of Loot,Site,Vesuvius,1,
Battlemage- Lover of Loot,Magic,Blink,3,2
Battlemage- Lover of Loot,Magic,Critical Strike,1,2
Battlemage- Lover of Loot,Magic,Lightning Bolt,1,2
Battlemage- Lover of Loot,Magic,Chain Lightning,1,2
Battlemage- Lover of Loot,Magic,Disenchant,1,2
Battlemage- Lover of Loot,Magic,Blaze,2,3
Battlemage- Lover of Loot,Magic,Disintegrate,1,3
Battlemage- Lover of Loot,Magic,Grapple Shot,3,3
Battlemage- Lover of Loot,Magic,Infiltrate,2,4
Battlemage- Lover of Loot,Magic,Poison Nova,1,5
Battlemage- Lover of Loot,Magic,Whirling Blades,1,5
Battlemage- Lover of Loot,Sideboard,Telekinesis,1,1
Battlemage- Lover of Loot,Sideboard,Blink,1,2
Battlemage- Lover of Loot,Sideboard,Angels Egg,2,3
Battlemage- Lover of Loot,Sideboard,Minor Explosion,2,3
Battlemage- Lover of Loot,Sideboard,Grapple Shot,1,3
Battlemage- Lover of Loot,Sideboard,Disintegrate,1,3
Battlemage- Lover of Loot,Sideboard,Leap Attack,2,
Battlemage 1st Deck,Avatar,Battlemage,1,
Battlemage 1st Deck,Artifact,Onyx Core,1,1
Battlemage 1st Deck,Artifact,Angels Egg,1,3
Battlemage 1st Deck,Artifact,Crown of the Victor,1,3
Battlemage 1st Deck,Artifact,Screaming Skull,1,3
Battlemage 1st Deck,Artifact,Iron Shackles,1,3
Battlemage 1st Deck,Artifact,Flaming Sword,1,4
Battlemage 1st Deck,Minion,Grim Reaper,1,2
Battlemage 1st Deck,Minion,Frontier Settlers,2,2
Battlemage 1st Deck,Minion,Apprentice Wizard,2,3
Battlemage 1st Deck,Minion,Albespine Pikemen,1,3
Battlemage 1st Deck,Minion,Yourke Crossbowmen,1,3
Battlemage 1st Deck,Minion,Root Spider,2,3
Battlemage 1st Deck,Minion,Phase Assassin,2,3
Battlemage 1st Deck,Minion,Skirmishers of Mu,2,4
Battlemage 1st Deck,Minion,Daperyll Vampire,3,5
Battlemage 1st Deck,Minion,Roaming Monster,1,5
Battlemage 1st Deck,Minion,Amazon Warriors,1,5
Battlemage 1st Deck,Minion,Nimbus Jinn,2,6
Battlemage 1st Deck,Minion,Grandmaster Wizard,2,6
Battlemage 1st Deck,Minion,Conqueror Worm,1,8
Battlemage 1st Deck,Site,Cloud City,1,
Battlemage 1st Deck,Site,Dark Tower,1,
Battlemage 1st Deck,Site,Gothic Tower,1,
Battlemage 1st Deck,Site,Free City,1,
Battlemage 1st Deck,Site,Mirror Realm,1,
Battlemage 1st Deck,Site,Holy Ground,2,
Battlemage 1st Deck,Site,Humble Village,1,
Battlemage 1st Deck,Site,Observatory,1,
Battlemage 1st Deck,Site,Quagmire,1,
Battlemage 1st Deck,Site,Vantage Hills,2,
Battlemage 1st Deck,Site,Watchtower,1,
Battlemage 1st Deck,Site,Windmill,2,
Battlemage 1st Deck,Site,The Geistwood,1,
Battlemage 1st Deck,Site,Pillar of Zeiros,1,
Battlemage 1st Deck,Site,Great Wall,1,
Battlemage 1st Deck,Site,Rustic Village,1,
Battlemage 1st Deck,Site,Simple Village,1,
Battlemage 1st Deck,Magic,Dream-Quest,1,1
Battlemage 1st Deck,Magic,Telekinesis,1,1
Battlemage 1st Deck,Magic,Divine Healing,2,1
Battlemage 1st Deck,Magic,Overpower,2,1
Battlemage 1st Deck,Magic,Blink,2,2
Battlemage 1st Deck,Magic,Disenchant,2,2
Battlemage 1st Deck,Magic,Teleport,1,2
Battlemage 1st Deck,Magic,Shield Wall,1,3
Battlemage 1st Deck,Magic,Chaos Twister,1,4
Battlemage 1st Deck,Magic,Whirling Blades,1,5
Battlemage 1st Deck,Aura,Crusade,1,2
Battlemage 1st Deck,Aura,Entangle Terrain,1,4
Battlemage 1st Deck,Sideboard,Divine Healing,1,1
Battlemage 1st Deck,Sideboard,Master Tracker,1,2
Battlemage 1st Deck,Sideboard,Mortality,1,2
Battlemage 1st Deck,Sideboard,Iron Shackles,1,3
Battlemage 1st Deck,Sideboard,Belmotte Longbowmen,1,3
Battlemage 1st Deck,Sideboard,Bury,2,3
Battlemage 1st Deck,Sideboard,Skirmishers of Mu,1,4
Battlemage 1st Deck,Sideboard,Chaos Twister,1,4
Battlemage 1st Deck,Sideboard,Conqueror Worm,1,8
Geo Destiny (ft. Avatar of Earth),Avatar,Avatar of Earth,1,
Geo Destiny (ft. Avatar of Earth),Artifact,Philosophers Stone,1,1
Geo Destiny (ft. Avatar of Earth),Minion,Bosk Troll,3,2
Geo Destiny (ft. Avatar of Earth),Minion,Root Spider,3,3
Geo Destiny (ft. Avatar of Earth),Minion,Autumn Unicorn,3,3
Geo Destiny (ft. Avatar of Earth),Minion,Phantasmal Shade,3,3
Geo Destiny (ft. Avatar of Earth),Minion,Gyre Hippogriffs,3,4
Geo Destiny (ft. Avatar of Earth),Minion,Royal Bodyguard,2,4
Geo Destiny (ft. Avatar of Earth),Minion,Pudge Butcher,2,4
Geo Destiny (ft. Avatar of Earth),Minion,Daperyll Vampire,3,5
Geo Destiny (ft. Avatar of Earth),Site,Rift Valley,2,
Geo Destiny (ft. Avatar of Earth),Site,Quagmire,3,
Geo Destiny (ft. Avatar of Earth),Site,Windmill,3,
Geo Destiny (ft. Avatar of Earth),Site,Rustic Village,2,
Geo Destiny (ft. Avatar of Earth),Site,Dark Tower,2,
Geo Destiny (ft. Avatar of Earth),Site,Gothic Tower,2,
Geo Destiny (ft. Avatar of Earth),Site,Lone Tower,1,
Geo Destiny (ft. Avatar of Earth),Site,Observatory,2,
Geo Destiny (ft. Avatar of Earth),Site,Holy Ground,3,
Geo Destiny (ft. Avatar of Earth),Magic,Overpower,3,1
Geo Destiny (ft. Avatar of Earth),Magic,Blink,3,2
Geo Destiny (ft. Avatar of Earth),Magic,Lightning Bolt,3,2
Geo Destiny (ft. Avatar of Earth),Magic,Grapple Shot,3,3
Geo Destiny (ft. Avatar of Earth),Magic,Bury,3,3
Geo Destiny (ft. Avatar of Earth),Magic,Earthquake,2,5
Geo Destiny (ft. Avatar of Earth),Sideboard,Divine Healing,3,1
Geo Destiny (ft. Avatar of Earth),Sideboard,Onyx Core,1,1
Geo Destiny (ft. Avatar of Earth),Sideboard,Amethyst Core,1,1
Geo Destiny (ft. Avatar of Earth),Sideboard,Common Sense,2,2
Geo Destiny (ft. Avatar of Earth),Sideboard,Angels Egg,2,3
Geo Destiny (ft. Avatar of Earth),Sideboard,Crown of the Victor,1,
Fire Aggro,Avatar,Sorcerer,1,
Fire Aggro,Artifact,Mix Ignis,2,1
Fire Aggro,Artifact,Ruby Core,1,1
Fire Aggro,Minion,Wills-o-the-Wisp,3,1
Fire Aggro,Minion,Vile Imp,4,2
Fire Aggro,Minion,Sirocco Scorpions,3,2
Fire Aggro,Minion,Seasoned Sellsword,2,2
Fire Aggro,Minion,Colicky Dragonettes,3,3
Fire Aggro,Minion,Aramos Mercenaries,4,3
Fire Aggro,Minion,Petrosian Cavalry,4,4
Fire Aggro,Minion,Panorama Manticore,2,5
Fire Aggro,Site,Arid Desert,4,
Fire Aggro,Site,Red Desert,3,
Fire Aggro,Site,Remote Desert,3,
Fire Aggro,Site,River of Flame,1,
Fire Aggro,Site,Shifting Sands,2,
Fire Aggro,Site,Vesuvius,1,
Fire Aggro,Site,Mirror Realm,1,
Fire Aggro,Site,Smokestacks of Gnaak,1,
Fire Aggro,Site,Floodplain,2,
Fire Aggro,Site,Pillar of Zeiros,1,
Fire Aggro,Site,Donnybrook Inn,1,
Fire Aggro,Magic,Firebolts,4,2
Fire Aggro,Magic,Warp Spasm,1,3
Fire Aggro,Magic,Minor Explosion,3,3
Fire Aggro,Magic,Infiltrate,2,4
Fire Aggro,Magic,Fireball,1,4
Fire Aggro,Aura,Jihad,1,2
Fire Aggro,Sideboard,Pit Vipers,3,1
Fire Aggro,Sideboard,Scorched Earth,1,3
Fire Aggro,Sideboard,Boil,3,3
Fire Aggro,Sideboard,Bane Widow,2,4
Fire Aggro,Sideboard,Chains of Prometheus,1,4
Flat Earth Denier,Avatar,Avatar of Air,1,
Flat Earth Denier,Artifact,Magellan Globe,1,2
Flat Earth Denier,Artifact,Rolling Boulder,1,4
Flat Earth Denier,Minion,Sacred Scarabs,1,2
Flat Earth Denier,Minion,Highland Falconer,2,2
Flat Earth Denier,Minion,Palliburrie Bats,2,2
Flat Earth Denier,Minion,Kite Archer,2,3
Flat Earth Denier,Minion,Phase Assassin,3,3
Flat Earth Denier,Minion,Headless Haunt,2,3
Flat Earth Denier,Minion,Clamor of Harpies,1,4
Flat Earth Denier,Minion,Hillock Basilisk,1,4
Flat Earth Denier,Minion,Skirmishers of Mu,2,4
Flat Earth Denier,Minion,Hounds of Ondaros,2,5
Flat Earth Denier,Minion,Grandmaster Wizard,2,6
Flat Earth Denier,Minion,Nightmare,2,7
Flat Earth Denier,Minion,Ultimate Horror,1,8
Flat Earth Denier,Site,Ruins,3,
Flat Earth Denier,Site,River of Flame,1,
Flat Earth Denier,Site,Mirage,1,
Flat Earth Denier,Site,Dark Tower,2,
Flat Earth Denier,Site,Gothic Tower,2,
Flat Earth Denier,Site,Lone Tower,2,
Flat Earth Denier,Site,Updraft Ridge,3,
Flat Earth Denier,Site,Bottomless Pit,2,
Flat Earth Denier,Site,Cloud City,1,
Flat Earth Denier,Site,Mirror Realm,1,
Flat Earth Denier,Site,Observatory,2,
Flat Earth Denier,Magic,Browse,1,1
Flat Earth Denier,Magic,Blink,3,2
Flat Earth Denier,Magic,Windblast,3,2
Flat Earth Denier,Magic,Infiltrate,2,4
Flat Earth Denier,Magic,Poison Nova,2,5
Flat Earth Denier,Aura,Wall of Fire,3,2
Flat Earth Denier,Aura,Thunderstorm,1,4
Flat Earth Denier,Sideboard,Lighthouse,3,
Flat Earth Denier,Sideboard,Mudflow,2,
Flat Earth Denier,Sideboard,Telekinesis,2,1
Flat Earth Denier,Sideboard,Rain of Arrows,1,2
Flat Earth Denier,Sideboard,Wildfire,1,4
Flat Earth Denier,Sideboard,Purge Juggernaut,1,6
Tdeck,Avatar,Pathfinder,1,
Tdeck,Artifact,Philosophers Stone,1,1
Tdeck,Artifact,Amethyst Core,1,1
Tdeck,Artifact,Onyx Core,1,1
Tdeck,Minion,Grim Reaper,1,2
Tdeck,Minion,Root Spider,3,3
Tdeck,Minion,Apprentice Wizard,2,3
Tdeck,Minion,Pudge Butcher,2,4
Tdeck,Minion,Skirmishers of Mu,2,4
Tdeck,Minion,Daperyll Vampire,3,5
Tdeck,Minion,Atlas Wanderers,1,5
Tdeck,Minion,Sky Baron,1,6
Tdeck,Minion,Highland Clansmen,4,7
Tdeck,Site,Bedrock,1,
Tdeck,Site,Dark Tower,1,
Tdeck,Site,Cloud City,1,
Tdeck,Site,Gnome Hollows,1,
Tdeck,Site,Holy Ground,1,
Tdeck,Site,Humble Village,1,
Tdeck,Site,Lone Tower,1,
Tdeck,Site,Observatory,1,
Tdeck,Site,Updraft Ridge,1,
Tdeck,Site,Windmill,1,
Tdeck,Site,Watchtower,1,
Tdeck,Site,Gothic Tower,1,
Tdeck,Site,Rustic Village,1,
Tdeck,Site,Simple Village,1,
Tdeck,Site,Mountain Pass,1,
Tdeck,Site,Pillar of Zeiros,1,
Tdeck,Site,Aqueduct,1,
Tdeck,Site,Lighthouse,1,
Tdeck,Site,Vantage Hills,1,
Tdeck,Site,Crossroads,1,
Tdeck,Magic,Divine Healing,2,1
Tdeck,Magic,Blink,3,2
Tdeck,Magic,Common Sense,3,2
Tdeck,Magic,Lightning Bolt,1,2
Tdeck,Magic,Disenchant,1,2
Tdeck,Magic,Grapple Shot,2,3
Tdeck,Magic,Bury,2,3
Tdeck,Magic,Chaos Twister,2,4
Tdeck,Magic,Earthquake,2,5
Tdeck,Magic,Craterize,2,8
Tdeck,Sideboard,Lightning Bolt,3,2
Tdeck,Sideboard,Chain Lightning,2,2
Tdeck,Sideboard,Shield Maidens,2,3
Tdeck,Sideboard,Drown,1,3
Tdeck,Sideboard,Hounds of Ondaros,2,
Elements Assemble!,Avatar,Elementalist,1,
Elements Assemble!,Artifact,Amethyst Core,1,1
Elements Assemble!,Artifact,Aquamarine Core,1,1
Elements Assemble!,Artifact,Onyx Core,1,1
Elements Assemble!,Artifact,Ruby Core,1,1
Elements Assemble!,Artifact,Philosophers Stone,1,1
Elements Assemble!,Minion,Autumn Unicorn,3,3
Elements Assemble!,Minion,Accursed Albatross,3,3
Elements Assemble!,Minion,Sea Raider,3,3
Elements Assemble!,Minion,Petrosian Cavalry,3,4
Elements Assemble!,Minion,Captain Baldassare,1,4
Elements Assemble!,Minion,Skirmishers of Mu,2,4
Elements Assemble!,Minion,Mother Nature,1,6
Elements Assemble!,Minion,Silver Valkyries,2,6
Elements Assemble!,Minion,Karkemish Chimera,1,6
Elements Assemble!,Minion,Wraetannis Titan,2,7
Elements Assemble!,Minion,Ancient Dragon,1,7
Elements Assemble!,Minion,Conqueror Worm,1,8
Elements Assemble!,Site,Dark Tower,1,
Elements Assemble!,Site,Crossroads,2,
Elements Assemble!,Site,Lone Tower,1,
Elements Assemble!,Site,Mirage,2,
Elements Assemble!,Site,Mountain Pass,1,
Elements Assemble!,Site,Spring River,2,
Elements Assemble!,Site,Summer River,1,
Elements Assemble!,Site,The Colour Out of Space,1,
Elements Assemble!,Site,Observatory,1,
Elements Assemble!,Site,Mirror Realm,1,
Elements Assemble!,Site,Pristine Paradise,1,
Elements Assemble!,Site,Winter River,1,
Elements Assemble!,Site,Arid Desert,3,
Elements Assemble!,Site,Humble Village,2,
Elements Assemble!,Magic,Immolation,1,1
Elements Assemble!,Magic,Disenchant,1,2
Elements Assemble!,Magic,Dispel,1,2
Elements Assemble!,Magic,Disintegrate,2,3
Elements Assemble!,Magic,Fireball,2,4
Elements Assemble!,Magic,Whirling Blades,2,5
Elements Assemble!,Magic,Major Explosion,1,7
Elements Assemble!,Aura,Abundance,2,5
Elements Assemble!,Sideboard,Free City,1,
Elements Assemble!,Sideboard,Dome of Osiros,1,
Elements Assemble!,Sideboard,Pillar of Zeiros,1,
Elements Assemble!,Sideboard,Dream-Quest,1,1
Elements Assemble!,Sideboard,Spectral Stalker,1,2
Elements Assemble!,Sideboard,Swan Maidens,2,2
Elements Assemble!,Sideboard,Angels Egg,1,3
Elements Assemble!,Sideboard,Land Deed,1,4
Elements Assemble!,Sideboard,Atlantean Fate,1,5
Frog Takeover,Avatar,Avatar of Water,1,
Frog Takeover,Artifact,Mix Aqua,2,1
Frog Takeover,Artifact,Aquamarine Core,1,1
Frog Takeover,Artifact,Philosophers Stone,1,1
Frog Takeover,Artifact,Land Deed,2,4
Frog Takeover,Artifact,Payload Trebuchet,2,5
Frog Takeover,Minion,Fenvale Muse,1,1
Frog Takeover,Minion,Porcupine Pufferfish,2,1
Frog Takeover,Minion,Adept Illusionist,2,2
Frog Takeover,Minion,Tide Naiads,3,2
Frog Takeover,Minion,Guile Sirens,1,3
Frog Takeover,Minion,Brobdingnag Bullfrog,1,3
Frog Takeover,Minion,Captain Baldassare,1,4
Frog Takeover,Minion,Lord of Unland,1,4
Frog Takeover,Minion,Selfsame Simulacrum,2,4
Frog Takeover,Minion,Anui Undine,3,5
Frog Takeover,Minion,Unland Angler,1,5
Frog Takeover,Minion,Diluvian Kraken,1,8
Frog Takeover,Minion,Great Old One,1,8
Frog Takeover,Site,Tadpole Pool,1,
Frog Takeover,Site,Donnybrook Inn,1,
Frog Takeover,Site,Floodplain,3,
Frog Takeover,Site,Maelstrom,1,
Frog Takeover,Site,Mirror Realm,1,
Frog Takeover,Site,Undertow,2,
Frog Takeover,Site,Spring River,3,
Frog Takeover,Site,Summer River,3,
Frog Takeover,Site,Winter River,3,
Frog Takeover,Site,Free City,2,
Frog Takeover,Magic,Plague of Frogs,1,1
Frog Takeover,Magic,Pollimorph,2,2
Frog Takeover,Magic,Geyser,1,2
Frog Takeover,Magic,Fire Harpoons!,1,2
Frog Takeover,Magic,Riptide,2,2
Frog Takeover,Magic,Drown,2,3
Frog Takeover,Magic,Ice Lance,1,3
Frog Takeover,Magic,Wrath of the Sea,1,7
Frog Takeover,Aura,Flood,2,4
Frog Takeover,Aura,Abundance,2,5
Frog Takeover,Aura,Atlantean Fate,1,5
Frog Takeover,Sideboard,Iceberg,2,
Frog Takeover,Sideboard,Dodge Roll,2,
Frog Takeover,Sideboard,Shrink,2,1
Frog Takeover,Sideboard,Gilded Aegis,1,2
Frog Takeover,Sideboard,Brobdingnag Bullfrog,1,3
Frog Takeover,Sideboard,Maddening Bells,2,4
